,Player,Cluster,Role,PTS,TRB,AST,STL,BLK,FG%,3P%,FT%,USG%
0,James Harden,7,Star ball handler,36.1,6.6,7.5,2.0,0.7,0.442,0.368,0.879,40.5
1,Paul George,7,Star ball handler,28.0,8.2,4.1,2.2,0.4,0.43799999999999994,0.386,0.8390000000000001,29.5
2,Giannis Antetokounmpo,5,Star big,27.7,12.5,5.9,1.3,1.5,0.578,0.256,0.7290000000000001,32.3
3,Joel Embiid,5,Star big,27.5,13.6,3.7,0.7,1.9,0.484,0.3,0.804,33.3
4,LeBron James,7,Star ball handler,27.4,8.5,8.3,1.3,0.6,0.51,0.33899999999999997,0.665,31.6
5,Stephen Curry,7,Star ball handler,27.3,5.3,5.2,1.3,0.4,0.47200000000000003,0.43700000000000006,0.9159999999999999,30.4
6,Devin Booker,8,Team-leading guard,26.6,4.1,6.8,0.9,0.2,0.467,0.326,0.866,32.9
7,Kawhi Leonard,7,Star ball handler,26.6,7.3,3.3,1.8,0.4,0.496,0.371,0.8540000000000001,30.3
8,Kevin Durant,7,Star ball handler,26.0,6.4,5.9,0.7,1.1,0.521,0.353,0.885,29.0
9,Anthony Davis,5,Star big,25.9,12.0,3.9,1.6,2.4,0.517,0.331,0.794,29.5
10,Damian Lillard,7,Star ball handler,25.8,4.6,6.9,1.1,0.4,0.444,0.369,0.912,29.3
11,Bradley Beal,8,Team-leading guard,25.6,5.0,5.5,1.5,0.7,0.475,0.35100000000000003,0.8079999999999999,28.4
12,Kemba Walker,8,Team-leading guard,25.6,4.4,5.9,1.2,0.4,0.434,0.35600000000000004,0.8440000000000001,31.5
13,Blake Griffin,7,Star ball handler,24.5,7.5,5.4,0.7,0.4,0.462,0.36200000000000004,0.753,30.2
14,Karl-Anthony Towns,5,Star big,24.4,12.4,3.4,0.9,1.6,0.518,0.4,0.836,28.9
15,Kyrie Irving,7,Star ball handler,23.8,5.0,6.9,1.5,0.5,0.48700000000000004,0.401,0.873,29.6
16,Donovan Mitchell,8,Team-leading guard,23.8,4.1,4.2,1.4,0.4,0.43200000000000005,0.36200000000000004,0.8059999999999999,31.6
17,Zach LaVine,8,Team-leading guard,23.7,4.7,4.5,1.0,0.4,0.467,0.374,0.8320000000000001,30.5
18,Russell Westbrook,5,Star big,22.9,11.1,10.7,1.9,0.5,0.428,0.29,0.6559999999999999,30.9
19,Klay Thompson,6,Shooter,21.5,3.8,2.4,1.1,0.6,0.467,0.402,0.816,25.6
20,Julius Randle,11,Inside big,21.4,8.7,3.1,0.7,0.6,0.524,0.344,0.731,27.8
21,LaMarcus Aldridge,11,Inside big,21.3,9.2,2.4,0.5,1.3,0.519,0.23800000000000002,0.847,26.9
22,DeMar DeRozan,8,Team-leading guard,21.2,6.0,6.2,1.1,0.5,0.48100000000000004,0.156,0.83,27.9
23,Luka Doncic,8,Team-leading guard,21.2,7.8,6.0,1.1,0.3,0.42700000000000005,0.327,0.713,30.5
24,Jrue Holiday,8,Team-leading guard,21.2,5.0,7.7,1.6,0.8,0.47200000000000003,0.325,0.768,25.4
25,Mike Conley,8,Team-leading guard,21.1,3.4,6.4,1.3,0.3,0.43799999999999994,0.364,0.845,27.3
26,D'Angelo Russell,8,Team-leading guard,21.1,3.9,7.0,1.2,0.2,0.434,0.369,0.78,31.9
27,CJ McCollum,6,Shooter,21.0,4.0,3.0,0.8,0.4,0.45899999999999996,0.375,0.828,25.5
28,Nikola Vucevic,5,Star big,20.8,12.0,3.8,1.0,1.1,0.518,0.364,0.789,28.0
29,Buddy Hield,6,Shooter,20.7,5.0,2.5,0.7,0.4,0.45799999999999996,0.42700000000000005,0.8859999999999999,25.1
30,Nikola Jokic,5,Star big,20.1,10.8,7.3,1.4,0.7,0.511,0.307,0.821,27.4
31,Tobias Harris,2,Perimiter scorer,20.0,7.9,2.8,0.6,0.5,0.48700000000000004,0.397,0.866,22.8
32,Lou Williams,8,Team-leading guard,20.0,3.0,5.4,0.8,0.1,0.425,0.361,0.8759999999999999,32.4
33,Danilo Gallinari,6,Shooter,19.8,6.1,2.6,0.7,0.3,0.46299999999999997,0.433,0.904,23.8
34,John Collins,11,Inside big,19.5,9.8,2.0,0.4,0.6,0.56,0.348,0.763,23.7
35,Trae Young,8,Team-leading guard,19.1,3.7,8.1,0.9,0.2,0.418,0.324,0.8290000000000001,28.4
36,Jimmy Butler,8,Team-leading guard,18.7,5.3,4.0,1.9,0.6,0.462,0.34700000000000003,0.855,22.3
37,Kyle Kuzma,2,Perimiter scorer,18.7,5.5,2.5,0.6,0.4,0.456,0.303,0.752,23.8
38,Lauri Markkanen,2,Perimiter scorer,18.7,9.0,1.4,0.7,0.6,0.43,0.361,0.872,25.1
39,Brandon Ingram,2,Perimiter scorer,18.3,5.1,3.0,0.5,0.6,0.49700000000000005,0.33,0.675,23.2
40,Khris Middleton,6,Shooter,18.3,6.0,4.3,1.0,0.1,0.441,0.37799999999999995,0.8370000000000001,25.1
41,Jamal Murray,6,Shooter,18.2,4.2,4.8,0.9,0.4,0.43700000000000006,0.36700000000000005,0.848,24.9
42,Tim Hardaway,6,Shooter,18.1,3.4,2.4,0.8,0.1,0.39299999999999996,0.34,0.841,25.4
43,J.J. Redick,6,Shooter,18.1,2.4,2.7,0.4,0.2,0.44,0.397,0.894,21.9
44,Andrew Wiggins,2,Perimiter scorer,18.1,4.8,2.5,1.0,0.7,0.41200000000000003,0.33899999999999997,0.6990000000000001,24.4
45,Bojan Bogdanovic,6,Shooter,18.0,4.1,2.0,0.9,0.0,0.49700000000000005,0.425,0.807,22.4
46,Derrick Rose,6,Shooter,18.0,2.7,4.3,0.6,0.2,0.48200000000000004,0.37,0.856,27.3
47,Andre Drummond,5,Star big,17.3,15.6,1.4,1.7,1.7,0.5329999999999999,0.132,0.59,22.9
48,De'Aaron Fox,8,Team-leading guard,17.3,3.8,7.3,1.6,0.6,0.45799999999999996,0.371,0.727,24.5
49,Pascal Siakam,9,Do it all big,16.9,6.9,3.1,0.9,0.7,0.5489999999999999,0.369,0.785,20.8
50,Ben Simmons,5,Star big,16.9,8.8,7.7,1.4,0.8,0.563,0.0,0.6,22.1
51,Jordan Clarkson,6,Shooter,16.8,3.3,2.4,0.7,0.2,0.44799999999999995,0.324,0.8440000000000001,27.6
52,Spencer Dinwiddie,6,Shooter,16.8,2.4,4.6,0.6,0.3,0.442,0.335,0.8059999999999999,24.9
53,Collin Sexton,4,???,16.7,2.9,3.0,0.5,0.1,0.43,0.402,0.8390000000000001,25.2
54,Clint Capela,3,Rim runner,16.6,12.7,1.4,0.7,1.5,0.648,0.0,0.636,18.2
55,Montrezl Harrell,11,Inside big,16.6,6.5,2.0,0.9,1.3,0.615,0.17600000000000002,0.643,23.5
56,Josh Richardson,6,Shooter,16.6,3.6,4.1,1.1,0.5,0.41200000000000003,0.35700000000000004,0.861,20.9
57,Harrison Barnes,6,Shooter,16.4,4.7,1.5,0.6,0.2,0.42,0.395,0.8240000000000001,20.9
58,Deandre Ayton,11,Inside big,16.3,10.3,1.8,0.9,0.9,0.585,0.0,0.746,21.2
59,Eric Gordon,6,Shooter,16.2,2.2,1.9,0.6,0.4,0.409,0.36,0.7829999999999999,22.0
60,Aaron Gordon,2,Perimiter scorer,16.0,7.4,3.7,0.7,0.7,0.449,0.349,0.731,21.8
61,Eric Bledsoe,10,Floor general,15.9,4.6,5.5,1.5,0.4,0.484,0.32899999999999996,0.75,22.9
62,Rudy Gobert,5,Star big,15.9,12.9,2.0,0.8,2.3,0.669,0.0,0.636,17.8
63,Jayson Tatum,2,Perimiter scorer,15.7,6.0,2.1,1.1,0.7,0.45,0.373,0.855,22.1
64,Malcolm Brogdon,6,Shooter,15.6,4.5,3.2,0.7,0.2,0.505,0.426,0.9279999999999999,20.7
65,Jusuf Nurkic,11,Inside big,15.6,10.4,3.2,1.0,1.4,0.508,0.10300000000000001,0.773,24.7
66,Chris Paul,10,Floor general,15.6,4.6,8.2,2.0,0.3,0.419,0.358,0.862,22.5
67,Dennis Schroder,4,???,15.5,3.6,4.1,0.8,0.2,0.414,0.341,0.8190000000000001,24.2
68,Reggie Jackson,6,Shooter,15.4,2.6,4.2,0.7,0.1,0.42100000000000004,0.369,0.8640000000000001,24.5
69,Jeremy Lamb,6,Shooter,15.3,5.5,2.2,1.1,0.4,0.44,0.348,0.888,22.5
70,Kelly Oubre,2,Perimiter scorer,15.2,4.7,1.2,1.2,0.9,0.445,0.32,0.775,23.2
71,Evan Fournier,6,Shooter,15.1,3.2,3.6,0.9,0.1,0.43799999999999994,0.34,0.8059999999999999,22.1
72,Terrence Ross,6,Shooter,15.1,3.5,1.7,0.9,0.4,0.428,0.38299999999999995,0.875,23.9
73,Serge Ibaka,9,Do it all big,15.0,8.1,1.3,0.4,1.4,0.529,0.29,0.763,22.9
74,Dwyane Wade,2,Perimiter scorer,15.0,4.0,4.2,0.8,0.5,0.433,0.33,0.708,27.9
75,Marvin Bagley,2,Perimiter scorer,14.9,7.6,1.0,0.5,1.0,0.504,0.313,0.691,24.2
76,Emmanuel Mudiay,4,???,14.8,3.3,3.9,0.7,0.3,0.446,0.32899999999999996,0.774,25.6
77,Jabari Parker,2,Perimiter scorer,14.5,6.6,2.4,0.7,0.5,0.493,0.313,0.7120000000000001,24.6
78,Kyle Lowry,10,Floor general,14.2,4.8,8.7,1.4,0.5,0.41100000000000003,0.34700000000000003,0.83,19.6
79,Bobby Portis,2,Perimiter scorer,14.2,8.1,1.4,0.7,0.4,0.444,0.39299999999999996,0.794,24.6
80,Bogdan Bogdanovic,6,Shooter,14.1,3.5,3.8,1.0,0.2,0.418,0.36,0.8270000000000001,22.3
81,Domantas Sabonis,11,Inside big,14.1,9.3,2.9,0.6,0.4,0.59,0.529,0.715,23.5
82,Steven Adams,3,Rim runner,13.9,9.5,1.6,1.5,1.0,0.595,0.0,0.5,16.4
83,Marcus Morris,2,Perimiter scorer,13.9,6.1,1.5,0.6,0.3,0.447,0.375,0.8440000000000001,20.9
84,Otto Porter,2,Perimiter scorer,13.9,5.6,2.1,1.5,0.6,0.465,0.406,0.813,19.1
85,Jaren Jackson,9,Do it all big,13.8,4.7,1.1,0.9,1.4,0.506,0.359,0.7659999999999999,22.8
86,Rudy Gay,2,Perimiter scorer,13.7,6.8,2.6,0.8,0.5,0.504,0.402,0.816,22.1
87,Joe Harris,6,Shooter,13.7,3.8,2.4,0.5,0.2,0.5,0.474,0.8270000000000001,17.0
88,Enes Kanter,11,Inside big,13.7,9.8,1.7,0.5,0.4,0.5489999999999999,0.294,0.787,23.1
89,Marc Gasol,9,Do it all big,13.6,7.9,4.4,1.1,1.1,0.44799999999999995,0.363,0.759,20.7
90,Jerami Grant,9,Do it all big,13.6,5.2,1.0,0.8,1.3,0.49700000000000005,0.392,0.71,15.4
91,Al Horford,9,Do it all big,13.6,6.7,4.2,0.9,1.3,0.535,0.36,0.821,18.9
92,Dennis Smith,4,???,13.6,2.9,4.8,1.3,0.4,0.428,0.322,0.635,24.8
93,Taurean Waller-Prince,1,3&D guard,13.5,3.6,2.1,1.0,0.3,0.441,0.39,0.8190000000000001,19.5
94,Myles Turner,9,Do it all big,13.3,7.2,1.6,0.8,2.7,0.48700000000000004,0.38799999999999996,0.736,20.0
95,Jaylen Brown,2,Perimiter scorer,13.0,4.2,1.4,0.9,0.4,0.465,0.344,0.6579999999999999,22.1
96,Cedi Osman,4,???,13.0,4.7,2.6,0.8,0.1,0.42700000000000005,0.348,0.779,18.6
97,Gary Harris,4,???,12.9,2.8,2.2,1.0,0.3,0.424,0.33899999999999997,0.799,20.0
98,Kevin Knox,4,???,12.8,4.5,1.1,0.6,0.3,0.37,0.34299999999999997,0.7170000000000001,22.3
99,Ricky Rubio,10,Floor general,12.7,3.6,6.1,1.3,0.1,0.40399999999999997,0.311,0.855,22.7
100,Paul Millsap,9,Do it all big,12.6,7.2,2.0,1.2,0.8,0.484,0.365,0.727,19.6
101,Justise Winslow,10,Floor general,12.6,5.4,4.3,1.1,0.3,0.433,0.375,0.628,20.8
102,Thaddeus Young,9,Do it all big,12.6,6.5,2.5,1.5,0.4,0.527,0.349,0.644,18.0
103,Trevor Ariza,4,???,12.5,5.4,3.7,1.3,0.3,0.39899999999999997,0.33399999999999996,0.7929999999999999,16.6
104,Brook Lopez,9,Do it all big,12.5,4.9,1.2,0.6,2.2,0.452,0.365,0.8420000000000001,16.7
105,Jeff Green,2,Perimiter scorer,12.3,4.0,1.8,0.6,0.5,0.475,0.34700000000000003,0.888,17.8
106,Hassan Whiteside,3,Rim runner,12.3,11.3,0.8,0.6,1.9,0.5710000000000001,0.125,0.449,22.6
107,Wesley Matthews,1,3&D guard,12.2,2.5,2.3,0.8,0.2,0.4,0.37200000000000005,0.81,17.8
108,Joe Ingles,10,Floor general,12.1,4.0,5.7,1.2,0.2,0.44799999999999995,0.391,0.7070000000000001,17.5
109,JaVale McGee,3,Rim runner,12.0,7.5,0.7,0.6,2.0,0.624,0.083,0.632,20.2
110,Willie Cauley-Stein,9,Do it all big,11.9,8.4,2.4,1.2,0.6,0.556,0.5,0.551,17.5
111,Jae Crowder,2,Perimiter scorer,11.9,4.8,1.7,0.8,0.4,0.39899999999999997,0.331,0.721,19.1
112,E'Twaun Moore,1,3&D guard,11.9,2.4,1.9,0.8,0.2,0.48100000000000004,0.43200000000000005,0.763,17.3
113,Derrick Favors,3,Rim runner,11.8,7.4,1.2,0.7,1.4,0.586,0.218,0.675,19.4
114,Bryn Forbes,1,3&D guard,11.8,2.9,2.1,0.5,0.0,0.456,0.426,0.885,17.4
115,D.J. Augustin,6,Shooter,11.7,2.5,5.3,0.6,0.0,0.47,0.42100000000000004,0.866,17.2
116,Kent Bazemore,4,???,11.6,3.9,2.3,1.3,0.6,0.402,0.32,0.726,22.0
117,Gordon Hayward,2,Perimiter scorer,11.5,4.5,3.4,0.9,0.3,0.466,0.33299999999999996,0.8340000000000001,19.0
118,Josh Jackson,4,???,11.5,4.4,2.3,0.9,0.7,0.413,0.324,0.6709999999999999,23.9
119,Kentavious Caldwell-Pope,1,3&D guard,11.4,2.9,1.3,0.9,0.2,0.43,0.34700000000000003,0.867,18.1
120,Malik Beasley,1,3&D guard,11.3,2.5,1.2,0.7,0.1,0.474,0.402,0.848,18.7
121,Reggie Bullock,1,3&D guard,11.3,2.7,2.0,0.6,0.2,0.41200000000000003,0.377,0.8590000000000001,15.8
122,Darren Collison,10,Floor general,11.2,3.1,6.0,1.4,0.1,0.467,0.40700000000000003,0.8320000000000001,17.7
123,Rodney Hood,1,3&D guard,11.2,2.2,1.8,0.8,0.2,0.435,0.35600000000000004,0.884,18.1
124,DeMarre Carroll,2,Perimiter scorer,11.1,5.2,1.3,0.5,0.1,0.395,0.342,0.76,18.6
125,Alex Len,2,Perimiter scorer,11.1,5.5,1.1,0.4,0.9,0.494,0.363,0.648,22.1
126,DeAndre Jordan,3,Rim runner,11.0,13.1,2.3,0.6,1.1,0.6409999999999999,0.0,0.705,15.0
127,Fred VanVleet,6,Shooter,11.0,2.6,4.8,0.9,0.3,0.41,0.37799999999999995,0.843,17.9
128,Jarrett Allen,3,Rim runner,10.9,8.4,1.4,0.5,1.5,0.59,0.133,0.7090000000000001,15.9
129,Trey Burke,4,???,10.9,1.7,2.7,0.6,0.1,0.431,0.35200000000000004,0.831,24.8
130,Tyler Johnson,4,???,10.9,3.0,2.9,0.9,0.5,0.413,0.34600000000000003,0.748,18.5
131,Allonzo Trier,4,???,10.9,3.1,1.9,0.4,0.2,0.44799999999999995,0.39399999999999996,0.8029999999999999,21.5
132,Dewayne Dedmon,9,Do it all big,10.8,7.5,1.4,1.1,1.1,0.49200000000000005,0.382,0.8140000000000001,16.7
133,Taj Gibson,9,Do it all big,10.8,6.5,1.2,0.8,0.6,0.5660000000000001,0.324,0.757,17.2
134,Shai Gilgeous-Alexander,10,Floor general,10.8,2.8,3.3,1.2,0.5,0.47600000000000003,0.36700000000000005,0.8,18.3
135,Damyean Dotson,4,???,10.7,3.6,1.8,0.8,0.1,0.415,0.368,0.745,17.3
136,Dwight Powell,3,Rim runner,10.6,5.3,1.5,0.6,0.6,0.597,0.307,0.772,17.2
137,Dario Saric,2,Perimiter scorer,10.6,5.6,1.6,0.6,0.1,0.43700000000000006,0.365,0.88,17.8
138,Marco Belinelli,1,3&D guard,10.5,2.5,1.7,0.4,0.1,0.413,0.37200000000000005,0.903,19.8
139,Thomas Bryant,3,Rim runner,10.5,6.3,1.3,0.3,0.9,0.616,0.33299999999999996,0.7809999999999999,17.6
140,Justin Holiday,4,???,10.5,3.9,1.8,1.5,0.4,0.386,0.348,0.8959999999999999,15.7
141,Monte Morris,1,3&D guard,10.4,2.4,3.6,0.9,0.0,0.493,0.414,0.802,17.1
142,Wayne Ellington,1,3&D guard,10.3,2.0,1.4,1.0,0.1,0.40299999999999997,0.371,0.7959999999999999,17.2
143,Danny Green,1,3&D guard,10.3,4.0,1.6,0.9,0.7,0.465,0.455,0.841,14.1
144,Tyreke Evans,4,???,10.2,2.9,2.4,0.8,0.3,0.389,0.35600000000000004,0.7190000000000001,26.4
145,Marvin Williams,12,3&D forward,10.1,5.4,1.2,0.9,0.8,0.42200000000000004,0.366,0.767,14.9
146,Kelly Olynyk,12,3&D forward,10.0,4.7,1.8,0.7,0.5,0.46299999999999997,0.354,0.8220000000000001,18.0
147,Avery Bradley,4,???,9.9,2.8,2.4,0.7,0.3,0.408,0.35100000000000003,0.86,16.2
148,Patty Mills,1,3&D guard,9.9,2.2,3.0,0.6,0.1,0.425,0.39399999999999996,0.8540000000000001,18.5
149,Derrick White,10,Floor general,9.9,3.7,3.9,1.0,0.7,0.479,0.33799999999999997,0.772,17.7
150,Kevin Huerter,4,???,9.7,3.3,2.9,0.9,0.3,0.419,0.385,0.732,15.7
151,Luke Kennard,1,3&D guard,9.7,2.9,1.8,0.4,0.2,0.43799999999999994,0.39399999999999996,0.836,18.1
152,Nemanja Bjelica,12,3&D forward,9.6,5.8,1.9,0.7,0.7,0.479,0.401,0.7609999999999999,16.5
153,Jonathan Isaac,12,3&D forward,9.6,5.5,1.1,0.8,1.3,0.429,0.32299999999999995,0.815,16.3
154,Jeremy Lin,4,???,9.6,2.4,3.1,0.6,0.2,0.44,0.294,0.838,21.8
155,Robin Lopez,12,3&D forward,9.5,3.9,1.2,0.1,1.1,0.568,0.226,0.7240000000000001,18.6
156,Tony Parker,4,???,9.5,1.5,3.7,0.4,0.1,0.46,0.255,0.7340000000000001,25.5
157,Al-Farouq Aminu,12,3&D forward,9.4,7.5,1.3,0.8,0.4,0.433,0.34299999999999997,0.867,13.7
158,JaMychal Green,12,3&D forward,9.4,6.3,0.8,0.7,0.5,0.483,0.40299999999999997,0.792,19.4
159,Markieff Morris,12,3&D forward,9.4,4.6,1.4,0.6,0.4,0.42100000000000004,0.335,0.772,19.1
160,Larry Nance,9,Do it all big,9.4,8.2,3.2,1.5,0.6,0.52,0.337,0.716,15.5
161,Nicolas Batum,12,3&D forward,9.3,5.2,3.3,0.9,0.6,0.45,0.389,0.865,13.2
162,Jalen Brunson,4,???,9.3,2.3,3.2,0.5,0.1,0.467,0.348,0.725,19.1
163,Gerald Green,1,3&D guard,9.2,2.5,0.5,0.5,0.4,0.4,0.354,0.838,19.5
164,Landry Shamet,1,3&D guard,9.1,1.7,1.5,0.5,0.1,0.431,0.42200000000000004,0.8059999999999999,15.0
165,Terry Rozier,4,???,9.0,3.9,2.9,0.9,0.3,0.387,0.353,0.785,18.6
166,Bam Adebayo,3,Rim runner,8.9,7.3,2.2,0.9,0.8,0.5760000000000001,0.2,0.735,15.8
167,Rondae Hollis-Jefferson,4,???,8.9,5.3,1.6,0.7,0.5,0.41100000000000003,0.184,0.645,21.6
168,Malik Monk,4,???,8.9,1.9,1.6,0.5,0.3,0.387,0.33,0.882,24.6
169,Tomas Satoransky,10,Floor general,8.9,3.5,5.0,1.0,0.2,0.485,0.395,0.8190000000000001,14.1
170,Marcus Smart,10,Floor general,8.9,2.9,4.0,1.8,0.4,0.42200000000000004,0.364,0.8059999999999999,14.6
171,Ish Smith,4,???,8.9,2.6,3.6,0.5,0.2,0.419,0.326,0.758,19.9
172,Ivica Zubac,3,Rim runner,8.9,6.1,1.1,0.2,0.9,0.5589999999999999,0.0,0.802,20.3
173,Alec Burks,4,???,8.8,3.7,2.0,0.6,0.3,0.405,0.363,0.823,19.0
174,Mario Hezonja,4,???,8.8,4.1,1.5,1.0,0.1,0.41200000000000003,0.276,0.763,21.3
175,Delon Wright,10,Floor general,8.7,3.5,3.3,1.2,0.4,0.434,0.298,0.7929999999999999,18.1
176,Kyle Korver,1,3&D guard,8.6,2.3,1.2,0.4,0.2,0.41600000000000004,0.397,0.8220000000000001,18.5
177,Norman Powell,1,3&D guard,8.6,2.3,1.5,0.7,0.2,0.483,0.4,0.8270000000000001,19.0
178,Rodions Kurucs,12,3&D forward,8.5,3.9,0.8,0.7,0.4,0.45,0.315,0.7829999999999999,18.4
179,Trey Lyles,4,???,8.5,3.8,1.4,0.5,0.4,0.418,0.255,0.698,23.4
180,DeAndre' Bembry,4,???,8.4,4.4,2.5,1.3,0.5,0.446,0.289,0.64,17.2
181,Langston Galloway,1,3&D guard,8.4,2.1,1.1,0.5,0.1,0.38799999999999996,0.355,0.8440000000000001,16.1
182,Noah Vonleh,12,3&D forward,8.4,7.8,1.9,0.7,0.8,0.47,0.336,0.7120000000000001,14.8
183,Mikal Bridges,12,3&D forward,8.3,3.2,2.1,1.6,0.5,0.43,0.335,0.805,12.2
184,Richaun Holmes,3,Rim runner,8.2,4.7,0.9,0.6,1.1,0.608,0.0,0.731,17.9
185,Darius Miller,1,3&D guard,8.2,1.9,2.1,0.6,0.3,0.39,0.365,0.789,13.4
186,Frank Jackson,4,???,8.1,2.2,1.1,0.4,0.0,0.434,0.314,0.74,18.5
187,Austin Rivers,4,???,8.1,2.1,2.2,0.6,0.3,0.406,0.318,0.526,14.5
188,Davis Bertans,1,3&D guard,8.0,3.5,1.3,0.5,0.4,0.45,0.429,0.883,14.1
189,Jamal Crawford,4,???,7.9,1.3,3.6,0.5,0.2,0.397,0.332,0.845,20.8
190,Seth Curry,1,3&D guard,7.9,1.6,0.9,0.5,0.2,0.456,0.45,0.846,16.6
191,Josh Hart,12,3&D forward,7.8,3.7,1.4,1.0,0.6,0.40700000000000003,0.336,0.688,13.5
192,James Johnson,4,???,7.8,3.2,2.5,0.6,0.5,0.433,0.336,0.7140000000000001,17.8
193,Mason Plumlee,3,Rim runner,7.8,6.4,3.0,0.8,0.9,0.593,0.2,0.561,16.2
194,Garrett Temple,4,???,7.8,2.9,1.4,1.0,0.4,0.42200000000000004,0.341,0.748,13.2
195,Ante Zizic,12,3&D forward,7.8,5.4,0.9,0.2,0.4,0.5529999999999999,0.0,0.705,18.2
196,Maurice Harkless,12,3&D forward,7.7,4.5,1.2,1.1,0.9,0.48700000000000004,0.275,0.6709999999999999,13.9
197,Josh Okogie,4,???,7.7,2.9,1.2,1.2,0.4,0.386,0.27899999999999997,0.728,15.4
198,Patrick Beverley,10,Floor general,7.6,5.0,3.8,0.9,0.6,0.40700000000000003,0.397,0.78,12.2
199,George Hill,1,3&D guard,7.6,2.5,2.3,0.9,0.1,0.452,0.314,0.8240000000000001,15.1
200,Jake Layman,12,3&D forward,7.6,3.1,0.7,0.4,0.4,0.509,0.326,0.7040000000000001,15.9
201,Rodney McGruder,4,???,7.6,3.6,1.7,0.5,0.2,0.40299999999999997,0.35100000000000003,0.722,15.4
202,Miles Bridges,12,3&D forward,7.5,4.0,1.2,0.7,0.6,0.46399999999999997,0.325,0.753,15.1
203,Dorian Finney-Smith,12,3&D forward,7.5,4.8,1.2,0.9,0.4,0.43200000000000005,0.311,0.7090000000000001,14.0
204,Shelvin Mack,4,???,7.5,1.8,3.2,0.8,0.1,0.40399999999999997,0.354,0.69,18.1
205,Iman Shumpert,4,???,7.5,3.0,1.8,1.0,0.4,0.374,0.348,0.8,14.5
206,Vince Carter,1,3&D guard,7.4,2.6,1.1,0.6,0.4,0.419,0.389,0.7120000000000001,16.7
207,Draymond Green,10,Floor general,7.4,7.3,6.9,1.4,1.1,0.445,0.285,0.6920000000000001,13.1
208,Doug McDermott,1,3&D guard,7.3,1.4,0.9,0.2,0.1,0.491,0.408,0.835,16.3
209,Mitchell Robinson,3,Rim runner,7.3,6.4,0.6,0.8,2.4,0.6940000000000001,0.0,0.6,12.1
210,P.J. Tucker,12,3&D forward,7.3,5.8,1.2,1.6,0.5,0.396,0.377,0.695,9.5
211,Justin Jackson,1,3&D guard,7.2,2.6,1.2,0.4,0.2,0.447,0.355,0.785,14.3
212,Lance Stephenson,4,???,7.2,3.2,2.1,0.6,0.1,0.426,0.371,0.685,20.3
213,OG Anunoby,12,3&D forward,7.0,2.9,0.7,0.7,0.3,0.45299999999999996,0.332,0.581,15.5
214,Derrick Jones,12,3&D forward,7.0,4.0,0.6,0.8,0.7,0.494,0.308,0.607,15.6
215,Mike Muscala,12,3&D forward,7.0,3.8,1.2,0.3,0.6,0.402,0.348,0.8240000000000001,14.3
216,Pat Connaughton,12,3&D forward,6.9,4.2,2.0,0.5,0.4,0.466,0.33,0.725,13.3
217,Quinn Cook,1,3&D guard,6.9,2.1,1.6,0.3,0.0,0.465,0.405,0.769,20.2
218,Terrance Ferguson,1,3&D guard,6.9,1.9,1.0,0.5,0.2,0.429,0.366,0.725,10.6
219,Stanley Johnson,4,???,6.9,3.3,1.3,0.9,0.2,0.389,0.28800000000000003,0.7809999999999999,19.4
220,Tyus Jones,4,???,6.9,2.0,4.8,1.2,0.1,0.415,0.317,0.841,14.1
221,Wayne Selden,4,???,6.9,2.4,1.5,0.4,0.2,0.406,0.316,0.728,18.4
222,Ersan Ilyasova,12,3&D forward,6.8,4.5,0.8,0.5,0.3,0.43799999999999994,0.363,0.8240000000000001,15.7
223,Maxi Kleber,12,3&D forward,6.8,4.6,1.0,0.5,1.1,0.45299999999999996,0.353,0.784,13.5
224,Evan Turner,4,???,6.8,4.5,3.9,0.5,0.2,0.46,0.212,0.708,15.9
225,Ryan Arcidiacono,1,3&D guard,6.7,2.7,3.3,0.8,0.0,0.447,0.373,0.873,11.7
226,James Ennis,12,3&D forward,6.7,3.1,0.7,0.7,0.4,0.469,0.353,0.716,12.7
227,Michael Kidd-Gilchrist,12,3&D forward,6.7,3.8,1.0,0.5,0.6,0.47600000000000003,0.34,0.772,15.7
228,Zach Collins,12,3&D forward,6.6,4.2,0.9,0.3,0.9,0.473,0.331,0.746,16.6
229,Shaquille Harrison,4,???,6.5,3.0,1.9,1.2,0.4,0.43200000000000005,0.27,0.667,16.5
230,Cory Joseph,4,???,6.5,3.4,3.9,1.1,0.3,0.41200000000000003,0.322,0.698,13.7
231,Jonathon Simmons,4,???,6.5,2.3,2.3,0.5,0.3,0.38,0.26899999999999996,0.742,18.7
232,Sterling Brown,12,3&D forward,6.4,3.2,1.4,0.4,0.1,0.465,0.361,0.69,15.2
233,Gorgui Dieng,12,3&D forward,6.4,4.1,0.9,0.6,0.5,0.501,0.33899999999999997,0.83,19.6
234,T.J. McConnell,4,???,6.4,2.3,3.4,1.0,0.2,0.525,0.33299999999999996,0.784,15.0
235,Devin Harris,4,???,6.3,1.6,1.8,0.5,0.2,0.38,0.31,0.7609999999999999,18.5
236,Jonas Jerebko,12,3&D forward,6.3,3.9,1.3,0.4,0.2,0.45899999999999996,0.36700000000000005,0.8,15.2
237,Kevon Looney,3,Rim runner,6.3,5.2,1.5,0.6,0.7,0.625,0.1,0.619,12.8
238,Wilson Chandler,12,3&D forward,6.0,4.2,1.6,0.5,0.4,0.418,0.373,0.72,11.8
239,Tony Snell,1,3&D guard,6.0,2.1,0.9,0.4,0.2,0.452,0.397,0.8809999999999999,12.9
240,Yogi Ferrell,1,3&D guard,5.9,1.5,1.9,0.5,0.1,0.435,0.36200000000000004,0.8959999999999999,16.3
241,Nik Stauskas,1,3&D guard,5.9,1.9,1.2,0.3,0.1,0.402,0.37200000000000005,0.8909999999999999,17.6
242,Ed Davis,3,Rim runner,5.8,8.6,0.8,0.4,0.4,0.616,0.0,0.617,12.7
243,Juan Hernangomez,12,3&D forward,5.8,3.8,0.8,0.4,0.3,0.439,0.365,0.767,12.2
244,Mike Scott,1,3&D guard,5.8,3.5,0.8,0.3,0.2,0.4,0.401,0.667,14.4
245,Torrey Craig,12,3&D forward,5.7,3.5,1.0,0.5,0.6,0.442,0.324,0.7,12.4
246,Andre Iguodala,12,3&D forward,5.7,3.7,3.2,0.9,0.8,0.5,0.33299999999999996,0.5820000000000001,10.4
247,Jakob Poeltl,3,Rim runner,5.5,5.3,1.2,0.4,0.9,0.645,0.0,0.5329999999999999,13.1
248,Tim Frazier,4,???,5.3,2.8,4.2,0.5,0.1,0.444,0.366,0.759,13.3
249,Royce O'Neale,12,3&D forward,5.2,3.5,1.5,0.7,0.3,0.475,0.386,0.762,11.0
250,Wesley Iwundu,4,???,5.0,2.7,1.1,0.4,0.3,0.41200000000000003,0.36700000000000005,0.816,12.8
251,Anthony Tolliver,1,3&D guard,5.0,2.7,0.7,0.3,0.3,0.382,0.377,0.7829999999999999,12.5
252,Jared Dudley,12,3&D forward,4.9,2.6,1.4,0.6,0.3,0.423,0.35100000000000003,0.696,10.4
253,Nerlens Noel,3,Rim runner,4.9,4.2,0.6,0.9,1.2,0.5870000000000001,0.0,0.684,13.8
254,Alfonzo McKinnie,12,3&D forward,4.7,3.4,0.4,0.3,0.2,0.48700000000000004,0.35600000000000004,0.563,13.9
255,Bruce Brown,4,???,4.3,2.5,1.2,0.5,0.5,0.39799999999999996,0.258,0.75,11.5
