Player,Pos,Age,Tm,G,MP,MPG,FG,FGA,FG%,3P,3PA,3P%,2P,2PA,2P%,eFG%,FT,FTA,FT%,ORB,DRB,TRB,AST,STL,BLK,TOV,PF,PTS,PER,TS%,3PAr,FTr,ORB%,DRB%,TRB%,AST%,STL%,BLK%,TOV%,USG%,OWS,DWS,WS,WS/48,OBPM,DBPM,BPM,VORP
James Harden,1,29,HOU,78,2867,36.8,10.8,24.5,0.442,4.8,13.2,0.368,6,11.3,0.528,0.541,9.7,11,0.879,0.8,5.8,6.6,7.5,2,0.7,5,3.1,36.1,30.6,0.616,0.539,0.449,2.5,17.8,10,39.5,2.7,1.7,14.5,40.5,11.4,3.8,15.2,0.254,10.5,1.1,11.7,9.9
Paul George,2,28,OKC,77,2841,36.9,9.2,21,0.438,3.8,9.8,0.386,5.4,11.1,0.484,0.529,5.9,7,0.839,1.4,6.8,8.2,4.1,2.2,0.4,2.7,2.8,28,23.3,0.583,0.469,0.335,3.7,19.6,11.4,17.7,2.8,1,10,29.5,7,4.9,11.9,0.201,4.7,0.7,5.5,5.3
Giannis Antetokounmpo,3,24,MIL,72,2358,32.8,10,17.3,0.578,0.7,2.8,0.256,9.3,14.5,0.641,0.599,6.9,9.5,0.729,2.2,10.3,12.5,5.9,1.3,1.5,3.7,3.2,27.7,30.9,0.644,0.163,0.55,7.3,30,19.3,30.3,1.8,3.9,14.8,32.3,8.9,5.5,14.4,0.292,5.7,5,10.8,7.6
Joel Embiid,3,24,PHI,64,2154,33.7,9.1,18.7,0.484,1.2,4.1,0.3,7.8,14.6,0.535,0.517,8.2,10.1,0.804,2.5,11.1,13.6,3.7,0.7,1.9,3.5,3.3,27.5,26.1,0.593,0.219,0.541,8.1,34,21.4,18.4,1,4.4,13.2,33.3,4.9,3.8,8.7,0.194,2,2.1,4.1,3.3
LeBron James,2,34,LAL,55,1937,35.2,10.1,19.9,0.51,2,5.9,0.339,8.1,14,0.582,0.56,5.1,7.6,0.665,1,7.4,8.5,8.3,1.3,0.6,3.6,1.7,27.4,25.6,0.588,0.299,0.382,3.1,21.3,12.4,39.4,1.7,1.4,13.3,31.6,4.7,2.6,7.2,0.179,6.2,1.9,8.1,4.9
Stephen Curry,1,30,GSW,69,2331,33.8,9.2,19.4,0.472,5.1,11.7,0.437,4,7.7,0.525,0.604,3.8,4.2,0.916,0.7,4.7,5.3,5.2,1.3,0.4,2.8,2.4,27.3,24.4,0.641,0.604,0.214,2.2,14.2,8.4,24.2,1.9,0.9,11.6,30.4,7.2,2.5,9.7,0.199,7.7,-1.4,6.3,4.9
Devin Booker,1,22,PHO,64,2242,35,9.2,19.6,0.467,2.1,6.5,0.326,7,13.1,0.536,0.521,6.1,7.1,0.866,0.6,3.5,4.1,6.8,0.9,0.2,4.1,3.1,26.6,20.2,0.584,0.33,0.362,1.9,11.3,6.5,34.1,1.2,0.5,15.4,32.9,3.3,0.3,3.5,0.076,3.8,-3,0.8,1.6
Kawhi Leonard,2,27,TOR,60,2040,34,9.3,18.8,0.496,1.9,5,0.371,7.5,13.8,0.542,0.546,6.1,7.1,0.854,1.3,6,7.3,3.3,1.8,0.4,2,1.5,26.6,25.8,0.606,0.267,0.377,4.2,18.6,11.6,16.4,2.5,1,8.4,30.3,6.1,3.4,9.5,0.224,4.3,0.7,5,3.6
Kevin Durant,3,30,GSW,78,2702,34.6,9.2,17.7,0.521,1.8,5,0.353,7.5,12.8,0.587,0.571,5.7,6.5,0.885,0.4,5.9,6.4,5.9,0.7,1.1,2.9,2,26,24.2,0.631,0.281,0.366,1.4,17.5,9.8,26.2,1,2.6,12.3,29,8.6,2.9,11.5,0.204,4.2,0.1,4.3,4.3
Anthony Davis,3,25,NOP,56,1850,33,9.5,18.3,0.517,0.9,2.6,0.331,8.6,15.7,0.547,0.54,6.1,7.7,0.794,3.1,8.9,12,3.9,1.6,2.4,2,2.4,25.9,30.3,0.597,0.141,0.422,9.9,27.5,18.8,19,2.2,6,8.4,29.5,6.4,3.1,9.5,0.247,4.7,3.9,8.5,4.9
Damian Lillard,1,28,POR,80,2838,35.5,8.5,19.2,0.444,3,8,0.369,5.6,11.1,0.499,0.522,5.9,6.4,0.912,0.9,3.8,4.6,6.9,1.1,0.4,2.7,1.9,25.8,23.7,0.588,0.419,0.335,2.6,11.1,7,30.6,1.5,1,10.8,29.3,9.7,2.4,12.1,0.205,6.6,-1.1,5.5,5.4
Bradley Beal,1,25,WAS,82,3028,36.9,9.3,19.6,0.475,2.5,7.3,0.351,6.8,12.4,0.548,0.54,4.4,5.5,0.808,1.1,3.9,5,5.5,1.5,0.7,2.7,2.8,25.6,20.8,0.581,0.37,0.278,3.1,11.7,7.4,24.1,1.9,1.6,11,28.4,5.9,1.7,7.6,0.12,3.9,-1.1,2.8,3.7
Kemba Walker,1,28,CHO,82,2863,34.9,8.9,20.5,0.434,3.2,8.9,0.356,5.7,11.6,0.494,0.511,4.6,5.5,0.844,0.6,3.8,4.4,5.9,1.2,0.4,2.6,1.6,25.6,21.7,0.558,0.434,0.267,1.9,11.9,6.8,29.4,1.7,1,10.1,31.5,5.5,1.9,7.4,0.123,5.1,-1.7,3.3,3.9
Blake Griffin,3,29,DET,75,2622,35,8.3,17.9,0.462,2.5,7,0.362,5.7,10.9,0.525,0.532,5.5,7.3,0.753,1.3,6.2,7.5,5.4,0.7,0.4,3.4,2.7,24.5,21,0.581,0.389,0.41,4,20.1,11.8,27.1,1,0.9,13.8,30.2,5.1,2.9,8,0.147,4.2,0.4,4.6,4.4
Karl-Anthony Towns,3,23,MIN,77,2545,33.1,8.8,17.1,0.518,1.8,4.6,0.4,7,12.5,0.562,0.572,4.9,5.8,0.836,3.4,9,12.4,3.4,0.9,1.6,3.1,3.8,24.4,26.3,0.622,0.27,0.342,10.9,29.3,20,17.2,1.3,4.2,13.7,28.9,7.2,3.2,10.4,0.197,4.8,2,6.8,5.7
Kyrie Irving,1,26,BOS,67,2214,33,9,18.5,0.487,2.6,6.5,0.401,6.4,12,0.533,0.557,3.2,3.7,0.873,1.1,3.9,5,6.9,1.5,0.5,2.6,2.5,23.8,24.3,0.592,0.35,0.197,3.4,12.7,8.1,35,2.2,1.4,11.3,29.6,6.2,2.9,9.1,0.197,6,0.4,6.4,4.7
Donovan Mitchell,1,22,UTA,77,2598,33.7,8.6,19.9,0.432,2.4,6.7,0.362,6.1,13.1,0.468,0.493,4.1,5.1,0.806,0.8,3.3,4.1,4.2,1.4,0.4,2.8,2.7,23.8,17.2,0.537,0.339,0.259,2.5,10.5,6.6,21.2,2,0.9,11.3,31.6,1.3,3.7,5,0.092,0.8,-0.2,0.6,1.7
Zach LaVine,1,23,CHI,63,2171,34.5,8.4,18,0.467,1.9,5.1,0.374,6.5,12.9,0.504,0.52,5,6,0.832,0.6,4,4.7,4.5,1,0.4,3.4,2.2,23.7,18.7,0.574,0.283,0.33,2,12.9,7.4,22.6,1.3,1,14.2,30.5,1.7,1.1,2.8,0.062,1.8,-1.7,0,1.1
Russell Westbrook,1,30,OKC,73,2630,36,8.6,20.2,0.428,1.6,5.6,0.29,7,14.5,0.481,0.468,4.1,6.2,0.656,1.5,9.6,11.1,10.7,1.9,0.5,4.5,3.4,22.9,21.1,0.501,0.279,0.306,4.1,28.3,15.8,46.5,2.5,1.1,16.3,30.9,1.8,5,6.8,0.124,2.5,3.9,6.5,5.6
Klay Thompson,1,28,GSW,78,2652,34,8.4,18,0.467,3.1,7.7,0.402,5.3,10.3,0.516,0.553,1.7,2,0.816,0.5,3.4,3.8,2.4,1.1,0.6,1.5,2,21.5,16.6,0.571,0.427,0.113,1.6,10.1,6,10.5,1.5,1.5,7.2,25.6,2.9,2.3,5.3,0.095,1.2,-2,-0.8,0.8
Julius Randle,3,24,NOP,73,2232,30.6,7.8,14.9,0.524,0.9,2.7,0.344,6.9,12.2,0.564,0.555,4.9,6.7,0.731,2.2,6.5,8.7,3.1,0.7,0.6,2.8,3.4,21.4,21,0.6,0.179,0.447,7.6,21.6,14.7,15.8,1.1,1.6,13.8,27.8,4.2,1.9,6.1,0.131,1.8,-0.4,1.4,1.9
LaMarcus Aldridge,3,33,SAS,81,2687,33.2,8.4,16.3,0.519,0.1,0.5,0.238,8.3,15.8,0.528,0.522,4.3,5.1,0.847,3.1,6.1,9.2,2.4,0.5,1.3,1.8,2.2,21.3,22.9,0.576,0.032,0.312,10.3,19.8,15.1,11.6,0.8,3.4,8.8,26.9,6.4,2.9,9.3,0.167,1.2,0.5,1.6,2.5
DeMar DeRozan,1,29,SAS,77,2688,34.9,8.2,17.1,0.481,0.1,0.6,0.156,8.1,16.5,0.492,0.483,4.8,5.7,0.83,0.7,5.3,6,6.2,1.1,0.5,2.6,2.3,21.2,19.6,0.542,0.034,0.336,2.2,16.4,9.4,27.6,1.6,1.1,11.7,27.9,3.6,2.6,6.3,0.112,0.4,0.5,0.9,2
Luka Doncic,1,19,DAL,72,2318,32.2,7,16.5,0.427,2.3,7.1,0.327,4.7,9.3,0.503,0.497,4.8,6.7,0.713,1.2,6.6,7.8,6,1.1,0.3,3.4,1.9,21.2,19.6,0.545,0.433,0.409,4,21.9,13,31.6,1.6,0.9,15,30.5,2.1,2.8,4.9,0.101,2.9,1.2,4.1,3.6
Jrue Holiday,1,28,NOP,67,2402,35.9,8.2,17.3,0.472,1.8,5.4,0.325,6.4,11.9,0.539,0.523,3.1,4,0.768,1.1,3.9,5,7.7,1.6,0.8,3.1,2.2,21.2,19.4,0.555,0.313,0.234,3.3,11,7.2,31.8,2.1,1.8,14.1,25.4,3.5,1.9,5.4,0.108,2.9,-0.1,2.8,2.9
Mike Conley,1,31,MEM,70,2342,33.5,7,16,0.438,2.2,6.1,0.364,4.8,9.9,0.483,0.507,4.9,5.8,0.845,0.6,2.8,3.4,6.4,1.3,0.3,1.9,1.8,21.1,21.4,0.569,0.38,0.363,1.9,9.7,5.7,33.4,2,0.9,9.1,27.3,5.7,2.3,8,0.164,4.8,-1.3,3.4,3.2
D'Angelo Russell,1,22,BRK,81,2448,30.2,8.1,18.7,0.434,2.9,7.8,0.369,5.2,10.9,0.482,0.512,2,2.5,0.78,0.7,3.2,3.9,7,1.2,0.2,3.1,1.7,21.1,19.4,0.533,0.419,0.135,2.3,11.2,6.8,41.3,1.9,0.6,13.6,31.9,2.4,2.6,5,0.097,3.9,-0.5,3.4,3.3
CJ McCollum,1,27,POR,70,2375,33.9,8.2,17.8,0.459,2.4,6.4,0.375,5.8,11.4,0.506,0.527,2.3,2.7,0.828,0.9,3.1,4,3,0.8,0.4,1.5,2.5,21,17,0.553,0.358,0.154,2.9,9.7,6.3,13.8,1.1,0.9,7.4,25.5,4,1.7,5.6,0.114,2.2,-1.9,0.3,1.3
Nikola Vucevic,3,28,ORL,80,2510,31.4,8.8,16.9,0.518,1.1,2.9,0.364,7.7,14,0.549,0.549,2.2,2.8,0.789,2.8,9.2,12,3.8,1,1.1,2,2,20.8,25.5,0.573,0.171,0.168,9.4,31.9,20.5,21.9,1.6,3,9.9,28,5.4,4.7,10.1,0.193,3,3.4,6.4,5.3
Buddy Hield,1,26,SAC,82,2615,31.9,7.6,16.6,0.458,3.4,7.9,0.427,4.2,8.6,0.487,0.56,2.1,2.4,0.886,1.3,3.7,5,2.5,0.7,0.4,1.8,2.5,20.7,17.5,0.587,0.479,0.142,4.1,12.4,8.1,11.9,1,1.1,9.2,25.1,4.3,1.6,5.9,0.108,3.1,-2,1.1,2.1
Nikola Jokic,3,23,DEN,80,2504,31.3,7.7,15.1,0.511,1,3.4,0.307,6.7,11.7,0.569,0.545,3.6,4.4,0.821,2.9,8,10.8,7.3,1.4,0.7,3.1,2.9,20.1,26.3,0.589,0.224,0.292,9.8,27.6,18.7,37,2.1,1.9,15.4,27.4,7.5,4.3,11.8,0.226,5.7,3.8,9.5,7.3
Tobias Harris,3,26,TOT,82,2847,34.7,7.5,15.3,0.487,1.9,4.8,0.397,5.5,10.5,0.528,0.549,3.2,3.7,0.866,0.8,7,7.9,2.8,0.6,0.5,1.8,2.2,20,17.2,0.592,0.313,0.245,2.6,20.8,12,12.5,0.8,1,9.8,22.8,4.5,2.6,7.1,0.12,1.1,-0.6,0.5,1.8
Lou Williams,1,32,LAC,75,1993,26.6,6.5,15.2,0.425,1.4,3.9,0.361,5.1,11.3,0.447,0.471,5.7,6.5,0.876,0.5,2.4,3,5.4,0.8,0.1,2.4,1.1,20,21.2,0.554,0.256,0.426,2.2,9.4,5.9,33,1.3,0.4,11.8,32.4,3.9,1.2,5.1,0.123,3.1,-2.6,0.4,1.2
Danilo Gallinari,2,30,LAC,68,2059,30.3,6,13,0.463,2.4,5.5,0.433,3.6,7.5,0.484,0.554,5.4,6,0.904,0.8,5.3,6.1,2.6,0.7,0.3,1.5,1.9,19.8,21,0.633,0.421,0.459,2.9,18.1,10.7,13.2,1.1,0.9,8.5,23.8,6.4,1.8,8.2,0.191,4.2,-1.2,2.9,2.6
John Collins,3,21,ATL,61,1829,30,7.6,13.6,0.56,0.9,2.6,0.348,6.7,11,0.609,0.593,3.3,4.4,0.763,3.6,6.2,9.8,2,0.4,0.6,2,3.3,19.5,21.8,0.627,0.19,0.32,12.3,22.1,17.1,11,0.6,1.8,11.2,23.7,5,1,6,0.158,2.6,-1.2,1.4,1.6
Trae Young,1,20,ATL,81,2503,30.9,6.5,15.5,0.418,1.9,6,0.324,4.6,9.6,0.477,0.48,4.2,5.1,0.829,0.8,2.9,3.7,8.1,0.9,0.2,3.8,1.7,19.1,17,0.539,0.384,0.33,2.6,10.2,6.3,40.5,1.3,0.5,17.6,28.4,2.5,0.7,3.3,0.062,1.8,-2.8,-1.1,0.6
Jimmy Butler,2,29,TOT,65,2185,33.6,6.4,13.9,0.462,1,3,0.347,5.4,10.9,0.494,0.499,4.8,5.6,0.855,1.9,3.4,5.3,4,1.9,0.6,1.5,1.7,18.7,20.2,0.571,0.213,0.404,6,10.5,8.3,18,2.7,1.4,8.2,22.3,5.4,2.5,7.9,0.173,2.6,0.6,3.2,2.9
Kyle Kuzma,3,23,LAL,70,2314,33.1,7.1,15.5,0.456,1.8,6,0.303,5.3,9.5,0.553,0.515,2.7,3.6,0.752,0.9,4.6,5.5,2.5,0.6,0.4,1.9,2.4,18.7,14,0.546,0.388,0.23,2.7,14.1,8.5,11.5,0.8,0.9,10,23.8,1.2,1.9,3.1,0.065,-0.3,-1.3,-1.7,0.2
Lauri Markkanen,3,21,CHI,52,1682,32.3,6.6,15.3,0.43,2.3,6.4,0.361,4.3,8.9,0.479,0.506,3.3,3.8,0.872,1.4,7.6,9,1.4,0.7,0.6,1.6,2.3,18.7,17.1,0.553,0.418,0.245,4.7,25.9,15.2,7.2,1.1,1.7,8.8,25.1,1.3,1.5,2.7,0.078,-0.3,-1.6,-1.9,0
Brandon Ingram,2,21,LAL,52,1760,33.8,7,14,0.497,0.6,1.8,0.33,6.4,12.2,0.521,0.518,3.8,5.6,0.675,0.8,4.3,5.1,3,0.5,0.6,2.5,2.9,18.3,13.4,0.555,0.129,0.396,2.5,13,7.8,12.9,0.7,1.4,13.1,23.2,0.6,1.4,2,0.055,-2.2,-0.6,-2.8,-0.3
Khris Middleton,2,27,MIL,77,2393,31.1,6.6,14.9,0.441,2.3,6.2,0.378,4.2,8.8,0.485,0.519,2.8,3.4,0.837,0.6,5.3,6,4.3,1,0.1,2.3,2.2,18.3,16.5,0.558,0.413,0.225,2.3,16.5,9.8,20.1,1.6,0.2,12.1,25.1,2.5,3.6,6.1,0.123,0.7,0.1,0.8,1.7
Jamal Murray,1,21,DEN,75,2447,32.6,6.8,15.6,0.437,2,5.5,0.367,4.8,10.1,0.476,0.502,2.5,3,0.848,0.9,3.4,4.2,4.8,0.9,0.4,2.1,2,18.2,16,0.538,0.353,0.19,2.9,11.2,7,22.4,1.3,1,11.1,24.9,2.8,2.3,5.1,0.1,1.1,-1,0.1,1.3
Tim Hardaway,1,26,TOT,65,2057,31.6,6,15.3,0.393,2.5,7.3,0.34,3.5,7.9,0.442,0.474,3.6,4.2,0.841,0.5,2.9,3.4,2.4,0.8,0.1,1.6,2.2,18.1,13.6,0.527,0.48,0.278,1.7,9.8,5.7,12.8,1.3,0.3,8.6,25.4,1,0.9,1.8,0.043,0.5,-2.9,-2.4,-0.2
J.J. Redick,1,34,PHI,76,2379,31.3,5.9,13.5,0.44,3.2,8,0.397,2.8,5.6,0.502,0.557,3,3.4,0.894,0.3,2.2,2.4,2.7,0.4,0.2,1.3,1.7,18.1,15.1,0.602,0.589,0.248,0.9,7.2,4.1,12.9,0.6,0.6,8.1,21.9,4.6,1.2,5.9,0.118,2.7,-3.3,-0.7,0.8
Andrew Wiggins,2,23,MIN,73,2543,34.8,6.8,16.6,0.412,1.6,4.8,0.339,5.2,11.8,0.441,0.461,2.8,4.1,0.699,1.1,3.7,4.8,2.5,1,0.7,1.9,2.1,18.1,12.4,0.493,0.288,0.245,3.5,11.4,7.4,10.9,1.3,1.6,9.3,24.4,-0.6,1.3,0.6,0.012,-1.7,-1.3,-2.9,-0.6
Bojan Bogdanovic,2,29,IND,81,2573,31.8,6.4,13,0.497,2,4.8,0.425,4.4,8.2,0.538,0.575,3,3.8,0.807,0.4,3.7,4.1,2,0.9,0,1.7,1.7,18,16.1,0.613,0.367,0.29,1.5,12.7,7.2,9.5,1.3,0,10.2,22.4,3.9,2.8,6.8,0.126,1.4,-1.4,0,1.3
Derrick Rose,1,30,MIN,51,1392,27.3,7.1,14.8,0.482,1.1,2.9,0.37,6.1,11.9,0.509,0.518,2.7,3.1,0.856,0.6,2.1,2.7,4.3,0.6,0.2,1.6,1.1,18,19.5,0.557,0.194,0.212,2.5,8.3,5.4,26.4,1.1,0.7,9.1,27.3,2.6,0.3,3,0.102,2.3,-2.9,-0.6,0.5
Andre Drummond,3,25,DET,79,2647,33.5,7.1,13.3,0.533,0.1,0.5,0.132,7,12.8,0.548,0.536,3.1,5.2,0.59,5.4,10.2,15.6,1.4,1.7,1.7,2.2,3.4,17.3,23.4,0.555,0.036,0.392,16.8,34.7,25.4,7.2,2.5,4.4,12.4,22.9,4.1,5.9,10,0.181,-0.7,3.6,2.9,3.3
De'Aaron Fox,1,21,SAC,81,2546,31.4,6.2,13.6,0.458,1.1,2.9,0.371,5.2,10.7,0.482,0.497,3.7,5.1,0.727,0.5,3.2,3.8,7.3,1.6,0.6,2.8,2.5,17.3,18.1,0.544,0.211,0.378,1.7,10.8,6.2,33.2,2.4,1.5,15,24.5,3.2,2.5,5.6,0.106,1.1,0,1.1,2
Pascal Siakam,3,24,TOR,80,2548,31.9,6.5,11.8,0.549,1,2.7,0.369,5.5,9.1,0.602,0.591,3,3.8,0.785,1.6,5.3,6.9,3.1,0.9,0.7,1.9,3,16.9,18.7,0.628,0.226,0.32,5.4,17.5,11.6,14.6,1.4,1.7,12.5,20.8,5.7,3.6,9.3,0.175,2,1.4,3.4,3.5
Ben Simmons,1,22,PHI,79,2700,34.2,6.8,12.2,0.563,0,0.1,0,6.8,12.1,0.566,0.563,3.3,5.4,0.6,2.2,6.6,8.8,7.7,1.4,0.8,3.5,2.6,16.9,20,0.582,0.006,0.446,6.9,20,13.7,34.2,2,1.8,19.3,22.1,4.6,3.6,8.2,0.146,1.4,2.6,4.1,4.1
Jordan Clarkson,1,26,CLE,81,2214,27.3,6.5,14.6,0.448,1.8,5.5,0.324,4.8,9.1,0.524,0.509,2,2.4,0.844,1,2.3,3.3,2.4,0.7,0.2,1.7,1.4,16.8,16.8,0.539,0.377,0.163,3.9,9.9,6.8,15.6,1.3,0.5,9.6,27.6,1.9,-0.1,1.8,0.039,1.5,-3.5,-2,0
Spencer Dinwiddie,1,25,BRK,68,1914,28.1,5.4,12.2,0.442,1.8,5.4,0.335,3.6,6.7,0.528,0.517,4.2,5.2,0.806,0.4,2.1,2.4,4.6,0.6,0.3,2.2,2.8,16.8,16.3,0.58,0.447,0.43,1.4,7.6,4.6,25.6,1,0.7,13.4,24.9,3.5,1.4,4.8,0.121,1.9,-2.1,-0.2,0.8
Collin Sexton,1,20,CLE,82,2605,31.8,6.3,14.7,0.43,1.5,3.6,0.402,4.9,11.1,0.44,0.48,2.6,3.1,0.839,0.7,2.2,2.9,3,0.5,0.1,2.3,2.3,16.7,12,0.52,0.245,0.211,2.3,8,5,15.3,0.8,0.2,12.3,25.2,-0.1,-0.5,-0.6,-0.011,-1.5,-3.7,-5.2,-2.1
Clint Capela,3,24,HOU,67,2249,33.6,7.1,10.9,0.648,0,0,0,7.1,10.9,0.648,0.648,2.5,3.9,0.636,4.4,8.2,12.7,1.4,0.7,1.5,1.4,2.5,16.6,23.8,0.658,0,0.357,14.4,27.6,20.8,7.1,1,3.9,10,18.2,7.8,3,10.8,0.23,1.3,1.6,2.9,2.8
Montrezl Harrell,3,25,LAC,82,2158,26.3,6.7,10.8,0.615,0,0.2,0.176,6.6,10.6,0.623,0.617,3.2,5,0.643,2.2,4.3,6.5,2,0.9,1.3,1.6,3.1,16.6,23.4,0.636,0.019,0.466,9.3,16.7,13.1,12.5,1.6,4,11,23.5,6.1,2.6,8.7,0.193,2.6,1.6,4.2,3.4
Josh Richardson,1,25,MIA,73,2539,34.8,5.8,14.1,0.412,2.2,6.3,0.357,3.5,7.8,0.458,0.492,2.7,3.2,0.861,0.7,2.9,3.6,4.1,1.1,0.5,1.5,2.7,16.6,14,0.536,0.448,0.225,2.3,8.8,5.5,17.9,1.5,1.2,9.1,20.9,3,2.6,5.6,0.106,1,-0.4,0.6,1.7
Harrison Barnes,2,26,TOT,77,2533,32.9,5.6,13.3,0.42,2.3,5.7,0.395,3.3,7.6,0.439,0.504,3,3.6,0.824,0.7,3.9,4.7,1.5,0.6,0.2,1.3,1.6,16.4,12.8,0.55,0.429,0.271,2.4,12.7,7.5,6.7,0.9,0.4,7.9,20.9,2,1.6,3.6,0.068,-0.6,-1.8,-2.3,-0.2
Deandre Ayton,3,20,PHO,71,2183,30.7,7.2,12.3,0.585,0,0.1,0,7.2,12.2,0.588,0.585,2,2.7,0.746,3.1,7.1,10.3,1.8,0.9,0.9,1.8,2.9,16.3,20.5,0.608,0.005,0.217,11.1,26.1,18.5,9.6,1.3,2.6,11.7,21.2,4.1,1.7,5.8,0.128,-0.1,0.2,0.2,1.2
Eric Gordon,1,30,HOU,68,2158,31.7,5.6,13.8,0.409,3.2,8.8,0.36,2.5,5,0.497,0.525,1.8,2.2,0.783,0.3,1.9,2.2,1.9,0.6,0.4,1.3,2.1,16.2,12.2,0.549,0.64,0.162,0.9,6.9,3.8,9.4,0.9,1.1,8.2,22,1.7,1,2.6,0.059,0,-2.9,-2.9,-0.5
Aaron Gordon,3,23,ORL,78,2633,33.8,6,13.4,0.449,1.6,4.4,0.349,4.5,9,0.499,0.507,2.4,3.2,0.731,1.7,5.7,7.4,3.7,0.7,0.7,2.1,2.2,16,15.1,0.538,0.332,0.242,5.2,18.4,11.7,16.6,1.1,1.8,12.3,21.8,1.8,3.3,5.1,0.093,-0.2,1.2,1,2
Eric Bledsoe,1,29,MIL,78,2272,29.1,6,12.4,0.484,1.6,4.8,0.329,4.4,7.6,0.582,0.548,2.3,3,0.75,1.1,3.6,4.6,5.5,1.5,0.4,2.1,2,15.9,19.3,0.577,0.388,0.243,3.9,11.8,8.1,27.4,2.4,1.1,13.3,22.9,4.4,3.7,8.2,0.173,2.5,1,3.5,3.2
Rudy Gobert,3,26,UTA,81,2577,31.8,5.9,8.8,0.669,0,0,0,5.9,8.8,0.669,0.669,4.1,6.4,0.636,3.8,9,12.9,2,0.8,2.3,1.6,2.9,15.9,24.6,0.682,0,0.733,13.2,30.2,21.9,9.6,1.2,5.8,12.1,17.8,8.7,5.7,14.4,0.268,2,5.1,7,5.9
Jayson Tatum,2,20,BOS,79,2455,31.1,5.9,13.1,0.45,1.5,3.9,0.373,4.4,9.2,0.483,0.506,2.5,2.9,0.855,0.9,5.2,6,2.1,1.1,0.7,1.5,2.1,15.7,15.1,0.547,0.3,0.22,3,17.7,10.4,10,1.6,2.1,9.7,22.1,1.6,3.4,5,0.097,-1.4,0.6,-0.8,0.8
Malcolm Brogdon,1,26,MIL,64,1832,28.6,5.9,11.7,0.505,1.6,3.8,0.426,4.3,7.9,0.544,0.575,2.2,2.4,0.928,1,3.5,4.5,3.2,0.7,0.2,1.4,1.6,15.6,17.8,0.614,0.326,0.203,3.8,11.7,8,16.2,1.2,0.6,10,20.7,4.2,2.3,6.5,0.171,1.9,-0.3,1.5,1.6
Jusuf Nurkic,3,24,POR,72,1974,27.4,5.8,11.5,0.508,0,0.4,0.103,5.8,11.1,0.523,0.51,3.9,5.1,0.773,3.4,7,10.4,3.2,1,1.4,2.3,3.5,15.6,23.4,0.57,0.035,0.442,13.4,26.7,20.2,17.9,1.7,4.2,14.6,24.7,4.4,3.3,7.8,0.189,1.6,3.6,5.1,3.5
Chris Paul,1,33,HOU,58,1857,32,5.2,12.4,0.419,2.2,6.1,0.358,3,6.3,0.479,0.508,3,3.5,0.862,0.6,3.9,4.6,8.2,2,0.3,2.6,2.5,15.6,19.7,0.56,0.493,0.282,2.1,13.9,7.9,39.3,3,0.8,15.8,22.5,4.4,2.2,6.6,0.172,2.9,0.2,3,2.4
Dennis Schroder,1,25,OKC,79,2314,29.3,5.8,14,0.414,1.6,4.6,0.341,4.2,9.4,0.45,0.47,2.4,2.9,0.819,0.5,3.1,3.6,4.1,0.8,0.2,2.2,2.4,15.5,12.7,0.508,0.33,0.206,1.6,11.3,6.3,20.4,1.3,0.4,12.5,24.2,0.4,2.4,2.9,0.06,-1.6,-1.5,-3.1,-0.6
Reggie Jackson,1,28,DET,82,2289,27.9,5.4,12.8,0.421,2.1,5.7,0.369,3.3,7,0.464,0.504,2.5,2.9,0.864,0.5,2.1,2.6,4.2,0.7,0.1,1.8,2.5,15.4,15.2,0.547,0.45,0.225,2.1,8.5,5.2,24.7,1.2,0.3,11.4,24.5,3.1,1.9,5,0.105,1.8,-2,-0.3,1
Jeremy Lamb,1,26,CHO,79,2250,28.5,5.5,12.4,0.44,1.5,4.2,0.348,4,8.2,0.487,0.499,2.9,3.3,0.888,0.8,4.7,5.5,2.2,1.1,0.4,1,1.8,15.3,17.3,0.552,0.337,0.266,3.1,18.1,10.4,11.9,1.9,1.2,6.8,22.5,3.3,2,5.3,0.113,0.6,-0.6,0.1,1.2
Kelly Oubre,2,23,TOT,69,1935,28,5.4,12.2,0.445,1.6,4.9,0.32,3.9,7.3,0.53,0.51,2.7,3.5,0.775,1,3.7,4.7,1.2,1.2,0.9,1.5,2.6,15.2,15.2,0.551,0.401,0.29,4,14.6,9.2,6.8,2.1,2.5,9.8,23.2,0.9,1.3,2.2,0.054,-0.9,-1.2,-2.2,-0.1
Evan Fournier,1,26,ORL,81,2553,31.5,5.8,13.2,0.438,1.9,5.6,0.34,3.9,7.6,0.509,0.509,1.7,2.1,0.806,0.5,2.7,3.2,3.6,0.9,0.1,1.9,2.8,15.1,12.3,0.536,0.421,0.159,1.6,9.4,5.4,17.6,1.4,0.4,11.9,22.1,0.8,2.5,3.2,0.061,-0.4,-1.1,-1.5,0.3
Terrence Ross,1,27,ORL,81,2150,26.5,5.4,12.7,0.428,2.7,7,0.383,2.8,5.7,0.484,0.534,1.6,1.8,0.875,0.3,3.1,3.5,1.7,0.9,0.4,1.1,1.5,15.1,15.4,0.561,0.551,0.14,1.3,12.8,7,9.9,1.6,1.1,7.6,23.9,1.7,2.6,4.3,0.095,1,-1.3,-0.3,0.9
Serge Ibaka,3,29,TOR,74,2010,27.2,6.3,11.9,0.529,0.7,2.3,0.29,5.6,9.6,0.586,0.557,1.8,2.4,0.763,2.1,6,8.1,1.3,0.4,1.4,1.5,2.9,15,18.7,0.582,0.193,0.202,8.6,23.2,16.1,7.7,0.7,4.3,10.7,22.9,2.8,3.3,6.1,0.146,-0.7,1.2,0.5,1.3
Dwyane Wade,1,37,MIA,72,1885,26.2,5.8,13.3,0.433,1.2,3.6,0.33,4.6,9.7,0.472,0.478,2.3,3.2,0.708,1,3,4,4.2,0.8,0.5,2.3,1.6,15,15.8,0.51,0.272,0.243,3.9,12.2,8,26.5,1.5,1.8,13.5,27.9,0.1,2.3,2.4,0.061,-0.4,0,-0.5,0.7
Marvin Bagley,3,19,SAC,62,1567,25.3,5.7,11.4,0.504,0.5,1.5,0.313,5.3,9.8,0.534,0.525,2.9,4.2,0.691,2.6,5,7.6,1,0.5,1,1.6,1.9,14.9,18.9,0.562,0.136,0.371,10.4,20.8,15.5,5.9,1,3.2,10.7,24.2,2,1.6,3.6,0.11,-1.2,-0.7,-1.8,0.1
Emmanuel Mudiay,1,22,NYK,59,1607,27.2,5.6,12.5,0.446,1.2,3.6,0.329,4.4,9,0.492,0.493,2.4,3.2,0.774,0.6,2.8,3.3,3.9,0.7,0.3,2.4,1.7,14.8,14.6,0.531,0.284,0.251,2.1,10.9,6.4,24.2,1.3,1,14.6,25.6,0.1,0.7,0.8,0.023,-0.5,-1.9,-2.4,-0.2
Jabari Parker,3,23,TOT,64,1724,26.9,5.8,11.7,0.493,1,3,0.313,4.8,8.7,0.556,0.533,2,2.9,0.712,1.2,5.3,6.6,2.4,0.7,0.5,2.4,2.3,14.5,15.5,0.56,0.26,0.246,4.9,21.8,13.3,14.1,1.3,1.5,15.4,24.6,0.1,1.3,1.4,0.039,-1.5,-0.5,-2.1,0
Kyle Lowry,1,32,TOR,65,2213,34,4.7,11.4,0.411,2.4,7,0.347,2.3,4.4,0.514,0.518,2.5,3,0.83,0.6,4.2,4.8,8.7,1.4,0.5,2.8,2.6,14.2,16.5,0.562,0.613,0.263,2.1,12.9,7.6,34.8,2,1.2,18.1,19.6,3.6,3,6.6,0.144,2.5,0.6,3.1,2.8
Bobby Portis,3,23,TOT,50,1299,26,5.6,12.6,0.444,1.5,3.8,0.393,4.1,8.7,0.467,0.504,1.5,1.9,0.794,2.2,5.9,8.1,1.4,0.7,0.4,1.5,2.9,14.2,16.1,0.529,0.304,0.154,9,24.9,16.8,8.8,1.3,1.3,9.9,24.6,0.5,1.1,1.6,0.06,-1.2,-1.7,-2.9,-0.3
Bogdan Bogdanovic,1,26,SAC,70,1947,27.8,5.2,12.3,0.418,1.9,5.3,0.36,3.2,7,0.462,0.496,1.9,2.3,0.827,0.6,2.9,3.5,3.8,1,0.2,1.7,2,14.1,14.1,0.53,0.431,0.188,2.1,11,6.4,19.3,1.7,0.7,11.1,22.3,1.3,1.4,2.7,0.067,0.5,-1.2,-0.7,0.6
Domantas Sabonis,3,22,IND,74,1838,24.8,5.6,9.5,0.59,0.1,0.2,0.529,5.5,9.2,0.592,0.596,2.8,3.9,0.715,2.5,6.8,9.3,2.9,0.6,0.4,2.2,3.2,14.1,21.9,0.63,0.024,0.416,11.5,29.8,20.8,18.2,1.3,1.5,16.2,23.5,4.3,3.3,7.6,0.197,1.5,2.2,3.7,2.6
Steven Adams,3,25,OKC,80,2669,33.4,6,10.1,0.595,0,0,0,6,10.1,0.596,0.595,1.8,3.7,0.5,4.9,4.6,9.5,1.6,1.5,1,1.7,2.6,13.9,18.5,0.591,0.002,0.361,14.7,14.8,14.7,6.6,2,2.4,12.6,16.4,5.1,4,9.1,0.163,0.6,2.1,2.7,3.2
Marcus Morris,3,29,BOS,75,2091,27.9,5,11.3,0.447,1.9,5.2,0.375,3.1,6.1,0.508,0.533,1.9,2.3,0.844,1,5.1,6.1,1.5,0.6,0.3,1.2,2.4,13.9,14.2,0.568,0.461,0.205,3.9,19.5,11.7,7.5,1,1.1,9.1,20.9,2.1,2.5,4.5,0.104,-0.4,-1,-1.4,0.3
Otto Porter,2,25,TOT,56,1683,30.1,5.3,11.5,0.465,1.9,4.6,0.406,3.5,6.9,0.504,0.546,1.4,1.7,0.813,1,4.6,5.6,2.1,1.5,0.6,1.2,1.9,13.9,15.9,0.569,0.398,0.149,3.4,17,10.1,10.6,2.3,1.6,8.7,19.1,1.8,1.5,3.2,0.093,0.4,0.1,0.5,1
Jaren Jackson,3,19,MEM,58,1515,26.1,5.1,10.2,0.506,0.9,2.4,0.359,4.3,7.7,0.553,0.549,2.6,3.4,0.766,1.3,3.4,4.7,1.1,0.9,1.4,1.7,3.8,13.8,16.4,0.591,0.241,0.334,5.3,15,10.1,7.2,1.7,5.1,12.7,22.8,1.2,2.2,3.3,0.105,-1.4,1.4,0.1,0.8
Rudy Gay,3,32,SAS,69,1842,26.7,5.4,10.8,0.504,1.1,2.7,0.402,4.4,8.1,0.537,0.554,1.7,2.1,0.816,0.9,5.9,6.8,2.6,0.8,0.5,1.7,2.3,13.7,17.5,0.583,0.247,0.197,3.8,23.9,13.9,14.7,1.4,1.6,12.3,22.1,2.2,2.2,4.4,0.115,0.2,0.8,1,1.4
Joe Harris,1,27,BRK,76,2293,30.2,4.9,9.8,0.5,2.4,5.1,0.474,2.5,4.8,0.528,0.622,1.4,1.8,0.827,0.7,3.1,3.8,2.4,0.5,0.2,1.6,2.4,13.7,13.5,0.645,0.516,0.178,2.4,10.9,6.7,11.9,0.8,0.6,13,17,3.8,1.7,5.5,0.116,1.4,-0.5,1,1.7
Enes Kanter,3,26,TOT,67,1640,24.5,5.6,10.2,0.549,0.1,0.5,0.294,5.4,9.7,0.562,0.556,2.3,2.9,0.787,3.8,6,9.8,1.7,0.5,0.4,1.8,2.5,13.7,22.3,0.594,0.05,0.288,16.4,26.1,21.1,12.1,0.9,1.3,13.3,23.1,3.9,1.6,5.4,0.159,1.5,-0.2,1.3,1.4
Marc Gasol,3,34,TOT,79,2436,30.8,4.9,11,0.448,1.3,3.5,0.363,3.7,7.6,0.487,0.505,2.4,3.2,0.759,1,6.9,7.9,4.4,1.1,1.1,2,2.7,13.6,16.7,0.546,0.314,0.291,3.6,25.1,14.3,22.2,1.7,3.2,13.6,20.7,2,4,6,0.118,-0.3,3.1,2.8,3
Jerami Grant,3,24,OKC,80,2612,32.7,5.1,10.3,0.497,1.4,3.7,0.392,3.7,6.6,0.555,0.567,2,2.8,0.71,1.2,4,5.2,1,0.8,1.3,0.8,2.7,13.6,13.8,0.592,0.356,0.269,3.7,13.1,8.2,4.2,1.1,3.2,6.8,15.4,4,3.3,7.3,0.134,-0.6,0.9,0.3,1.5
Al Horford,3,32,BOS,68,1973,29,5.7,10.6,0.535,1.1,3,0.36,4.6,7.6,0.604,0.586,1.1,1.4,0.821,1.8,5,6.7,4.2,0.9,1.3,1.5,1.9,13.6,20.2,0.605,0.281,0.131,6.5,18.3,12.4,21.2,1.4,3.9,11.8,18.9,4.5,2.9,7.5,0.181,2.1,2.7,4.8,3.4
Dennis Smith,1,21,TOT,53,1508,28.5,5.2,12.3,0.428,1.3,3.9,0.322,4,8.3,0.477,0.479,1.9,2.9,0.635,0.6,2.3,2.9,4.8,1.3,0.4,2.9,2.4,13.6,12.3,0.502,0.32,0.24,2.2,8.7,5.5,27.3,2.1,1.1,17.6,24.8,-1.2,1.2,0,0.001,-1.7,-0.9,-2.5,-0.2
Taurean Waller-Prince,2,24,ATL,55,1552,28.2,4.8,10.8,0.441,2.2,5.7,0.39,2.5,5.1,0.498,0.545,1.7,2.1,0.819,0.4,3.2,3.6,2.1,1,0.3,1.8,2.6,13.5,11.9,0.575,0.53,0.195,1.5,12.3,6.7,11.1,1.6,1.1,13.4,19.5,0.8,0.7,1.5,0.047,-0.4,-1.5,-1.9,0
Myles Turner,3,22,IND,74,2119,28.6,5.1,10.5,0.487,1,2.6,0.388,4.1,7.9,0.521,0.536,2,2.7,0.736,1.4,5.8,7.2,1.6,0.8,2.7,1.4,2.6,13.3,18,0.567,0.251,0.258,5.4,22,13.9,8,1.4,8.4,10.3,20,1.9,4.4,6.3,0.144,-1.4,4.7,3.3,2.8
Jaylen Brown,1,22,BOS,74,1913,25.9,5,10.7,0.465,1.3,3.7,0.344,3.7,7,0.529,0.525,1.8,2.7,0.658,0.9,3.4,4.2,1.4,0.9,0.4,1.3,2.5,13,13.5,0.547,0.348,0.255,3.6,13.9,8.7,7.7,1.7,1.5,10.1,22.1,0.7,2.4,3,0.076,-1.5,-0.6,-2.1,0
Cedi Osman,2,23,CLE,76,2444,32.2,4.7,11.1,0.427,1.7,4.9,0.348,3,6.2,0.489,0.504,1.9,2.4,0.779,0.6,4.1,4.7,2.6,0.8,0.1,1.5,2.6,13,11.5,0.536,0.443,0.214,2,14.8,8.1,12.1,1.2,0.4,11,18.6,1.2,0.2,1.5,0.029,-0.4,-1.7,-2.1,-0.1
Gary Harris,1,24,DEN,57,1639,28.8,4.7,11.2,0.424,1.4,4.2,0.339,3.3,6.9,0.476,0.488,2,2.5,0.799,0.7,2.1,2.8,2.2,1,0.3,1.2,2,12.9,12.2,0.526,0.38,0.226,2.7,7.9,5.3,11,1.6,1,8.9,20,1.1,1.5,2.6,0.076,-0.7,-1,-1.8,0.1
Kevin Knox,3,19,NYK,75,2158,28.8,4.5,12.2,0.37,1.7,4.9,0.343,2.8,7.3,0.387,0.438,2.2,3,0.717,0.8,3.7,4.5,1.1,0.6,0.3,1.5,2.3,12.8,8.7,0.475,0.398,0.247,2.9,13.6,8.1,6,1,0.9,10.1,22.3,-2.2,0.9,-1.3,-0.03,-3.6,-2.4,-6,-2.2
Ricky Rubio,1,28,UTA,68,1899,27.9,4.3,10.7,0.404,1.2,3.7,0.311,3.2,7,0.454,0.458,2.9,3.4,0.855,0.5,3.1,3.6,6.1,1.3,0.1,2.6,2.6,12.7,14,0.52,0.348,0.312,1.9,11.8,6.9,32.1,2.3,0.4,17.8,22.7,0.9,2.8,3.7,0.095,-0.6,0.6,0,0.9
Paul Millsap,3,33,DEN,70,1895,27.1,4.6,9.5,0.484,0.8,2.3,0.365,3.8,7.2,0.522,0.528,2.6,3.6,0.727,2.2,5,7.2,2,1.2,0.8,1.4,2.6,12.6,17.9,0.57,0.239,0.374,8.7,20.2,14.4,10.6,2.2,2.5,10.9,19.6,3.2,2.9,6.1,0.155,0.5,1.9,2.4,2.1
Justise Winslow,2,22,MIA,66,1959,29.7,4.9,11.3,0.433,1.5,3.9,0.375,3.5,7.5,0.462,0.497,1.3,2.1,0.628,1,4.4,5.4,4.3,1.1,0.3,2.2,2.7,12.6,12.8,0.513,0.342,0.183,3.4,15.9,9.6,21.9,1.8,0.9,14.9,20.8,0.2,2.6,2.7,0.067,-1.1,1,-0.1,1
Thaddeus Young,3,30,IND,81,2489,30.7,5.5,10.4,0.527,0.6,1.8,0.349,4.8,8.6,0.564,0.557,1.1,1.7,0.644,2.4,4.1,6.5,2.5,1.5,0.4,1.5,2.4,12.6,16.2,0.569,0.174,0.161,8.7,14.4,11.7,12,2.4,1.3,12,18,3,3.9,6.9,0.133,0.8,2.1,2.9,3.1
Trevor Ariza,2,33,TOT,69,2349,34,4.3,10.7,0.399,2.1,6.3,0.334,2.2,4.4,0.493,0.498,1.9,2.4,0.793,0.7,4.7,5.4,3.7,1.3,0.3,1.5,1.9,12.5,12.1,0.534,0.59,0.223,2.3,15.2,8.6,14.8,1.8,0.7,11.6,16.6,1.3,1.2,2.5,0.052,-0.1,-0.4,-0.5,0.9
Brook Lopez,3,30,MIL,81,2322,28.7,4.4,9.7,0.452,2.3,6.3,0.365,2.1,3.4,0.613,0.571,1.4,1.6,0.842,0.4,4.5,4.9,1.2,0.6,2.2,1,2.3,12.5,14.6,0.597,0.651,0.169,1.5,15,8.7,5.7,1,6.5,8.9,16.7,2.3,4.3,6.7,0.138,-0.2,2.9,2.7,2.8
Jeff Green,3,32,WAS,77,2097,27.2,4.2,8.9,0.475,1.4,4.2,0.347,2.8,4.8,0.586,0.555,2.4,2.7,0.888,0.7,3.3,4,1.8,0.6,0.5,1.3,2.1,12.3,13.6,0.608,0.466,0.3,2.9,13.3,8,9.2,1,1.6,11.5,17.8,2.8,0.8,3.6,0.083,0.2,-1.4,-1.2,0.4
Hassan Whiteside,3,29,MIA,72,1674,23.3,5.4,9.4,0.571,0,0.2,0.125,5.4,9.2,0.581,0.572,1.5,3.4,0.449,3.6,7.8,11.3,0.8,0.6,1.9,1.3,2.7,12.3,23.5,0.564,0.024,0.357,16.3,35.6,25.9,5.6,1.3,7.3,11,22.6,2.3,4,6.3,0.18,-2.2,3,0.8,1.2
Wesley Matthews,2,32,TOT,69,2091,30.3,4,10.1,0.4,2.2,5.8,0.372,1.9,4.3,0.437,0.507,1.9,2.4,0.81,0.5,2,2.5,2.3,0.8,0.2,1.3,2.3,12.2,10.3,0.546,0.577,0.234,1.7,7.1,4.4,11.1,1.3,0.7,10.6,17.8,1.1,1.5,2.7,0.062,-0.3,-1.2,-1.5,0.3
Joe Ingles,3,31,UTA,82,2568,31.3,4.4,9.8,0.448,2.3,5.9,0.391,2.1,3.9,0.533,0.565,1.1,1.5,0.707,0.4,3.6,4,5.7,1.2,0.2,2.4,2.2,12.1,13.4,0.581,0.602,0.153,1.5,12.2,7,26.1,1.8,0.6,18.4,17.5,2.5,3.6,6,0.113,1,0.8,1.8,2.5
JaVale McGee,3,31,LAL,75,1671,22.3,5.3,8.5,0.624,0,0.2,0.083,5.3,8.4,0.634,0.625,1.3,2,0.632,2.6,4.9,7.5,0.7,0.6,2,1.4,2.8,12,21.8,0.634,0.019,0.237,12.3,22.5,17.5,4.8,1.3,7.3,13.2,20.2,3,2.9,5.9,0.171,-0.9,2.8,1.9,1.7
Willie Cauley-Stein,3,25,SAC,81,2213,27.3,5.1,9.1,0.556,0,0,0.5,5.1,9.1,0.556,0.557,1.7,3.1,0.551,2.2,6.1,8.4,2.4,1.2,0.6,1,2.8,11.9,18,0.566,0.003,0.343,8.2,23.7,15.8,12.3,2,2,9,17.5,3.8,2.9,6.7,0.146,-0.2,2.2,2,2.3
Jae Crowder,2,28,UTA,80,2166,27.1,4,10,0.399,2.2,6.5,0.331,1.8,3.4,0.527,0.508,1.8,2.5,0.721,0.8,4.1,4.8,1.7,0.8,0.4,1.1,2.1,11.9,12.1,0.538,0.655,0.247,3.1,15.9,9.6,8.9,1.4,1.1,8.8,19.1,1.3,3.1,4.4,0.097,0,0.4,0.4,1.3
E'Twaun Moore,1,29,NOP,53,1463,27.6,4.8,10,0.481,1.4,3.3,0.432,3.4,6.7,0.506,0.553,0.8,1.1,0.763,0.7,1.7,2.4,1.9,0.8,0.2,1.1,2.1,11.9,11.5,0.567,0.331,0.111,2.5,6.4,4.5,9.5,1.3,0.4,9.6,17.3,1.2,0.5,1.7,0.055,-0.2,-1.9,-2.2,-0.1
Derrick Favors,3,27,UTA,76,1766,23.2,4.8,8.1,0.586,0.2,1,0.218,4.6,7.1,0.64,0.6,2,3,0.675,2.7,4.6,7.4,1.2,0.7,1.4,1.1,2.1,11.8,21.8,0.624,0.126,0.368,12.9,21.3,17.2,8,1.5,4.8,10.5,19.4,4.4,3.5,7.9,0.215,1.1,3.2,4.3,2.8
Bryn Forbes,1,25,SAS,82,2293,28,4.4,9.6,0.456,2.1,5,0.426,2.3,4.6,0.489,0.568,0.8,1,0.885,0.2,2.7,2.9,2.1,0.5,0,1,1.9,11.8,12,0.586,0.522,0.099,0.9,10.4,5.7,10.6,1,0.1,8.8,17.4,2.5,1.3,3.8,0.079,1,-1.7,-0.7,0.7
D.J. Augustin,1,31,ORL,81,2269,28,3.9,8.4,0.47,1.6,3.8,0.421,2.3,4.5,0.511,0.566,2.2,2.6,0.866,0.5,2,2.5,5.3,0.6,0,1.6,1.4,11.7,15.7,0.616,0.459,0.309,1.9,7.8,4.8,26.9,1.1,0.1,14.3,17.2,5,1.9,6.9,0.146,1.7,-2,-0.3,1
Kent Bazemore,1,29,ATL,67,1643,24.5,4.1,10.3,0.402,1.4,4.5,0.32,2.7,5.8,0.465,0.472,1.9,2.6,0.726,0.6,3.3,3.9,2.3,1.3,0.6,1.8,2.5,11.6,11.9,0.507,0.434,0.253,2.3,14.6,8.3,13.5,2.5,2.2,13.6,22,-0.7,1.4,0.7,0.021,-2.2,0,-2.2,-0.1
Gordon Hayward,3,28,BOS,72,1863,25.9,4.1,8.8,0.466,1.1,3.2,0.333,3,5.6,0.542,0.527,2.2,2.6,0.834,0.7,3.8,4.5,3.4,0.9,0.3,1.5,1.4,11.5,15.6,0.575,0.364,0.294,2.9,15.5,9.2,18.4,1.6,1.1,12.8,19,2.6,2.3,4.9,0.126,0.1,0.4,0.5,1.2
Josh Jackson,1,21,PHO,79,1988,25.2,4.4,10.6,0.413,0.9,2.8,0.324,3.5,7.8,0.445,0.456,1.8,2.7,0.671,0.8,3.6,4.4,2.3,0.9,0.7,2.2,2.6,11.5,10.6,0.487,0.268,0.253,3.6,15.9,9.7,14.1,1.8,2.3,15.6,23.9,-2.8,1.1,-1.7,-0.04,-4.3,-0.5,-4.8,-1.4
Kentavious Caldwell-Pope,1,25,LAL,82,2035,24.8,4,9.2,0.43,1.8,5.3,0.347,2.1,3.9,0.542,0.53,1.7,1.9,0.867,0.6,2.3,2.9,1.3,0.9,0.2,0.8,1.7,11.4,12.9,0.568,0.575,0.209,2.5,9.4,6,7.5,1.7,0.5,7.3,18.1,2.3,1.8,4,0.095,0.6,-1.2,-0.6,0.7
Malik Beasley,1,22,DEN,81,1879,23.2,4.3,9.1,0.474,2,5,0.402,2.3,4.1,0.56,0.584,0.7,0.8,0.848,0.4,2,2.5,1.2,0.7,0.1,0.7,1.4,11.3,14.2,0.599,0.55,0.09,2,9.5,5.8,7.5,1.4,0.5,6.7,18.7,2.9,1.6,4.5,0.115,1.4,-1.9,-0.5,0.7
Reggie Bullock,1,27,TOT,63,1879,29.8,3.9,9.4,0.412,2.3,6.2,0.377,1.5,3.2,0.483,0.537,1.2,1.3,0.859,0.3,2.4,2.7,2,0.6,0.2,1,1.7,11.3,10.5,0.563,0.662,0.143,1.2,8.8,4.9,10.1,1,0.5,9.3,15.8,1.6,1.4,3.1,0.078,0.1,-1,-0.9,0.5
Darren Collison,1,31,IND,76,2143,28.2,4.1,8.7,0.467,1,2.6,0.407,3,6.1,0.492,0.527,2.1,2.5,0.832,0.5,2.6,3.1,6,1.4,0.1,1.6,1.8,11.2,16.7,0.574,0.294,0.288,1.9,9.9,6,29.9,2.5,0.4,14.4,17.7,3.9,2.9,6.8,0.153,1.2,0,1.2,1.8
Rodney Hood,1,26,TOT,72,1893,26.3,4.1,9.3,0.435,1.2,3.3,0.356,2.9,6,0.478,0.498,1.9,2.2,0.884,0.3,1.8,2.2,1.8,0.8,0.2,0.8,2,11.2,12.3,0.545,0.352,0.231,1.4,7.9,4.6,10,1.5,0.5,6.9,18.1,2.1,0.5,2.6,0.065,-0.2,-2.1,-2.4,-0.2
DeMarre Carroll,3,32,BRK,67,1703,25.4,3.4,8.6,0.395,1.6,4.6,0.342,1.8,4,0.457,0.487,2.7,3.6,0.76,1,4.2,5.2,1.3,0.5,0.1,1.1,1.7,11.1,12.1,0.546,0.539,0.421,4.2,17.3,10.8,7.2,0.9,0.5,9.7,18.6,1.5,1.6,3.1,0.088,-1,-0.7,-1.7,0.1
Alex Len,3,25,ATL,77,1544,20.1,4.2,8.4,0.494,1,2.6,0.363,3.2,5.8,0.554,0.551,1.8,2.8,0.648,2.1,3.5,5.5,1.1,0.4,0.9,1.3,2.6,11.1,17.2,0.575,0.315,0.333,10.5,18.5,14.4,8.6,0.8,3.9,11.5,22.1,2.2,1,3.2,0.1,-0.1,-0.8,-0.9,0.4
DeAndre Jordan,3,30,TOT,69,2047,29.7,4.1,6.5,0.641,0,0,0,4.1,6.5,0.641,0.641,2.7,3.8,0.705,3.3,9.8,13.1,2.3,0.6,1.1,2.2,2.4,11,19,0.674,0,0.592,11.7,35.2,23.5,11.6,1,3,21.4,15,4,3.1,7.1,0.167,-0.9,3.3,2.4,2.3
Fred VanVleet,1,24,TOR,64,1760,27.5,3.8,9.4,0.41,1.8,4.6,0.378,2.1,4.8,0.441,0.503,1.5,1.8,0.843,0.3,2.3,2.6,4.8,0.9,0.3,1.3,1.7,11,13.7,0.539,0.493,0.192,1.3,8.7,5.1,23.9,1.6,0.9,11.2,17.9,2.4,1.9,4.3,0.117,0.7,-0.7,0,0.9
Jarrett Allen,3,20,BRK,80,2096,26.2,4.2,7.1,0.59,0.1,0.6,0.133,4.1,6.5,0.629,0.595,2.5,3.5,0.709,2.4,6,8.4,1.4,0.5,1.5,1.3,2.3,10.9,18.5,0.632,0.079,0.489,9.6,24,16.8,7.9,1,4.5,13,15.9,4.4,3.3,7.7,0.175,-0.7,3.2,2.5,2.4
Trey Burke,1,26,TOT,58,1125,19.4,4.1,9.4,0.431,1,2.7,0.352,3.1,6.7,0.463,0.482,1.8,2.1,0.831,0.5,1.2,1.7,2.7,0.6,0.1,0.8,1,10.9,16.5,0.524,0.29,0.226,2.6,6.7,4.6,24.1,1.4,0.5,7.5,24.8,1.4,0.5,1.9,0.081,0.7,-3.2,-2.5,-0.1
Tyler Johnson,1,26,TOT,57,1529,26.8,3.8,9.2,0.413,1.6,4.6,0.346,2.2,4.7,0.477,0.498,1.7,2.2,0.748,0.6,2.4,3,2.9,0.9,0.5,1.4,1.7,10.9,12.4,0.532,0.494,0.241,2.4,9.8,6.1,15.9,1.7,1.6,11.7,18.5,0.9,1.4,2.3,0.071,-0.6,-0.4,-1,0.4
Allonzo Trier,1,23,NYK,64,1459,22.8,3.6,8.1,0.448,0.8,2.1,0.394,2.8,6,0.466,0.498,2.8,3.5,0.803,0.5,2.6,3.1,1.9,0.4,0.2,1.8,1.8,10.9,12.2,0.564,0.255,0.431,2.2,12.2,7.1,12.9,0.9,0.8,15.8,21.5,0.4,0.5,0.9,0.03,-2.2,-2,-4.2,-0.8
Dewayne Dedmon,3,29,ATL,64,1609,25.1,4,8.2,0.492,1.3,3.4,0.382,2.8,4.8,0.57,0.571,1.4,1.8,0.814,1.6,5.9,7.5,1.4,1.1,1.1,1.3,3.3,10.8,16,0.602,0.413,0.215,6.7,25,15.7,8.1,2,3.8,12.7,16.7,2.1,1.9,4,0.119,-0.4,1.7,1.3,1.3
Taj Gibson,3,33,MIN,70,1686,24.1,4.3,7.7,0.566,0.2,0.5,0.324,4.2,7.2,0.583,0.576,1.9,2.5,0.757,2.5,4.1,6.5,1.2,0.8,0.6,1,2.7,10.8,17.8,0.612,0.063,0.33,10.8,18.3,14.5,7.3,1.5,2,10.6,17.2,3.7,1.4,5.1,0.144,0.8,0.2,1,1.3
Shai Gilgeous-Alexander,1,20,LAC,82,2174,26.5,4.2,8.7,0.476,0.6,1.7,0.367,3.5,7,0.503,0.512,1.9,2.4,0.8,0.7,2.1,2.8,3.3,1.2,0.5,1.7,2.1,10.8,13.4,0.554,0.194,0.272,2.9,8.3,5.7,17.8,2.1,1.6,15,18.3,1.5,1.9,3.3,0.074,-0.6,0.2,-0.3,0.9
Damyean Dotson,1,24,NYK,73,2004,27.5,4,9.6,0.415,1.7,4.7,0.368,2.2,4.9,0.461,0.506,1,1.3,0.745,0.5,3.1,3.6,1.8,0.8,0.1,1,1.8,10.7,10.8,0.526,0.49,0.14,1.7,12.2,6.8,10.4,1.4,0.4,8.7,17.3,0.7,0.9,1.5,0.037,-0.9,-1.4,-2.3,-0.2
Dwight Powell,3,27,DAL,77,1662,21.6,3.8,6.3,0.597,0.5,1.6,0.307,3.3,4.7,0.699,0.637,2.5,3.3,0.772,1.8,3.5,5.3,1.5,0.6,0.6,0.9,2.6,10.6,20.4,0.682,0.261,0.523,9.1,17.3,13.2,10.7,1.3,2.6,10.1,17.2,5.6,1.9,7.5,0.215,2.8,1.2,4,2.5
Dario Saric,3,24,TOT,81,2023,25,3.8,8.6,0.437,1.5,4,0.365,2.3,4.6,0.499,0.522,1.6,1.9,0.88,1.6,4.1,5.6,1.6,0.6,0.1,1.2,2.2,10.6,13.1,0.563,0.464,0.216,6.6,17.5,12.1,8.8,1.1,0.4,11.3,17.8,2.3,1.2,3.5,0.084,0.3,-1.4,-1.1,0.5
Marco Belinelli,1,32,SAS,79,1815,23,3.6,8.7,0.413,1.9,5,0.372,1.7,3.7,0.468,0.52,1.4,1.6,0.903,0.2,2.3,2.5,1.7,0.4,0.1,0.9,1.5,10.5,11.9,0.557,0.572,0.18,1,10.8,5.9,10.1,0.9,0.4,8.8,19.8,1.4,1.1,2.5,0.065,0.3,-2.4,-2.1,0
Thomas Bryant,3,21,WAS,72,1496,20.8,4.3,7,0.616,0.5,1.4,0.333,3.8,5.6,0.685,0.648,1.5,1.9,0.781,1.6,4.7,6.3,1.3,0.3,0.9,0.8,1.8,10.5,21,0.674,0.197,0.273,8.1,25.1,16.5,9.3,0.8,3.8,9.6,17.6,4.3,1.3,5.6,0.178,1.2,0.4,1.6,1.3
Justin Holiday,1,29,TOT,82,2607,31.8,3.7,9.5,0.386,2,5.7,0.348,1.7,3.8,0.442,0.49,1.2,1.3,0.896,0.6,3.4,3.9,1.8,1.5,0.4,1.3,2,10.5,10,0.52,0.598,0.136,1.9,11.9,6.8,8.1,2.3,1.2,11.2,15.7,-0.4,2.5,2.1,0.038,-1.3,0.6,-0.8,0.8
Monte Morris,1,23,DEN,82,1970,24,4.2,8.6,0.493,1.1,2.8,0.414,3.1,5.8,0.531,0.56,0.8,1,0.802,0.4,1.9,2.4,3.6,0.9,0,0.6,1.2,10.4,16.2,0.577,0.323,0.115,1.9,8.8,5.3,21.7,1.8,0.2,6.6,17.1,4.4,1.8,6.2,0.151,1.5,-1.3,0.2,1.1
Wayne Ellington,1,31,TOT,53,1297,24.5,3.5,8.6,0.403,2.6,7,0.371,0.9,1.6,0.541,0.554,0.7,0.9,0.796,0.3,1.8,2,1.4,1,0.1,0.8,1.7,10.3,11.8,0.569,0.814,0.107,1.1,7.9,4.5,8.3,2,0.4,7.7,17.2,1.3,1.4,2.6,0.097,1.2,-1,0.2,0.7
Danny Green,1,31,TOR,80,2216,27.7,3.7,7.9,0.465,2.5,5.4,0.455,1.2,2.4,0.487,0.622,0.5,0.6,0.841,0.8,3.2,4,1.6,0.9,0.7,0.9,2.1,10.3,13,0.632,0.69,0.07,3,12.2,7.7,7.7,1.6,2,10.4,14.1,3,2.9,5.9,0.128,1.7,1.2,2.9,2.7
Tyreke Evans,1,29,IND,69,1402,20.3,3.7,9.6,0.389,1.1,3.1,0.356,2.6,6.4,0.405,0.448,1.7,2.3,0.719,0.5,2.4,2.9,2.4,0.8,0.3,1.7,1.7,10.2,11.5,0.483,0.327,0.242,2.7,13,7.9,17.5,2,1.1,13.9,26.4,-1.7,2,0.3,0.01,-3.1,-0.5,-3.6,-0.6
Marvin Williams,3,32,CHO,75,2133,28.4,3.7,8.7,0.422,1.9,5.1,0.366,1.8,3.6,0.5,0.529,0.9,1.1,0.767,1,4.4,5.4,1.2,0.9,0.8,0.6,2.1,10.1,12.6,0.548,0.586,0.132,3.8,17.1,10.3,6.1,1.6,2.5,6.4,14.9,1.9,1.9,3.8,0.086,-0.2,0.5,0.3,1.3
Kelly Olynyk,3,27,MIA,79,1812,22.9,3.3,7.1,0.463,1.4,4,0.354,1.9,3.1,0.604,0.563,1.9,2.3,0.822,0.9,3.8,4.7,1.8,0.7,0.5,1.4,2.3,10,14.4,0.61,0.566,0.328,4.2,17.8,11,11.4,1.4,1.8,15,18,2.3,2.5,4.7,0.125,0.3,0.8,1.1,1.4
Avery Bradley,1,28,TOT,63,1905,30.2,3.9,9.7,0.408,1.4,3.9,0.351,2.6,5.8,0.446,0.479,0.7,0.8,0.86,0.7,2.1,2.8,2.4,0.7,0.3,1.4,2.7,9.9,7.6,0.496,0.403,0.082,2.5,7.3,4.9,11.8,1,0.7,12.4,16.2,-0.6,1,0.3,0.009,-1.7,-1,-2.8,-0.4
Patty Mills,1,30,SAS,82,1908,23.3,3.4,8.1,0.425,1.9,4.9,0.394,1.5,3.2,0.475,0.545,1.1,1.3,0.854,0.3,1.9,2.2,3,0.6,0.1,1.1,1.6,9.9,13.2,0.572,0.609,0.155,1.4,8.9,5.2,17.6,1.3,0.4,11.6,18.5,2.2,1.2,3.5,0.087,1.5,-2,-0.5,0.7
Derrick White,1,24,SAS,67,1728,25.8,3.9,8.1,0.479,0.7,2.1,0.338,3.2,6,0.529,0.523,1.4,1.8,0.772,0.5,3.2,3.7,3.9,1,0.7,1.4,2.2,9.9,14.8,0.555,0.262,0.227,2.2,13.3,7.8,21,1.9,2.3,14,17.7,1.7,1.9,3.6,0.101,-0.2,1.1,0.9,1.3
Kevin Huerter,1,20,ATL,75,2048,27.3,3.7,8.8,0.419,1.8,4.7,0.385,1.9,4.1,0.457,0.522,0.5,0.7,0.732,0.8,2.5,3.3,2.9,0.9,0.3,1.5,2.1,9.7,10.1,0.533,0.537,0.085,3,9.7,6.3,14.5,1.5,1.1,13.8,15.7,0.7,0.7,1.5,0.034,-0.9,-1,-1.9,0.1
Luke Kennard,1,22,DET,63,1437,22.8,3.6,8.3,0.438,1.7,4.3,0.394,1.9,4,0.486,0.54,0.8,1,0.836,0.2,2.7,2.9,1.8,0.4,0.2,0.9,1.5,9.7,11.9,0.56,0.517,0.117,0.9,13.5,7,12.3,0.9,0.6,9.4,18.1,1.3,1.3,2.5,0.085,-0.5,-1,-1.5,0.2
Nemanja Bjelica,3,30,SAC,77,1788,23.2,3.7,7.7,0.479,1.3,3.3,0.401,2.4,4.4,0.539,0.566,0.9,1.2,0.761,1.6,4.1,5.8,1.9,0.7,0.7,1.1,2.6,9.6,15.4,0.585,0.433,0.155,7,18.8,12.8,11.1,1.4,2.7,11.5,16.5,2.7,1.9,4.5,0.122,0.8,1.2,2,1.8
Jonathan Isaac,3,21,ORL,75,1996,26.6,3.5,8.1,0.429,1.1,3.5,0.323,2.3,4.6,0.51,0.499,1.5,1.8,0.815,1.3,4.2,5.5,1.1,0.8,1.3,1,1.9,9.6,13,0.537,0.435,0.221,5.2,17,11,5.7,1.4,4.1,10.1,16.3,0.9,3.1,4,0.096,-1.9,2,0.1,1.1
Jeremy Lin,1,30,TOT,74,1436,19.4,3.2,7.3,0.44,0.7,2.5,0.294,2.5,4.8,0.517,0.491,2.4,2.8,0.838,0.3,2.1,2.4,3.1,0.6,0.2,1.7,1.9,9.6,13.5,0.558,0.346,0.388,1.6,11.7,6.6,23.4,1.5,0.8,16.4,21.8,1.2,0.9,2.1,0.07,-1.1,-1.8,-2.9,-0.3
Robin Lopez,3,30,CHI,74,1606,21.7,4.1,7.2,0.568,0.1,0.4,0.226,4,6.8,0.589,0.575,1.2,1.7,0.724,1.9,2,3.9,1.2,0.1,1.1,1.3,1.7,9.5,15.9,0.598,0.058,0.23,9.4,10,9.7,8.8,0.3,4.2,14,18.6,2,0.7,2.7,0.081,-1,-0.1,-1.1,0.4
Tony Parker,1,36,CHO,56,1003,17.9,3.8,8.3,0.46,0.2,0.9,0.255,3.6,7.4,0.485,0.474,1.6,2.2,0.734,0.3,1.2,1.5,3.7,0.4,0.1,1.3,0.9,9.5,15.3,0.512,0.11,0.268,1.5,7.6,4.5,33.3,1,0.6,12.7,25.5,0.6,0.3,0.9,0.044,-1.5,-3.7,-5.3,-0.8
Al-Farouq Aminu,3,28,POR,81,2292,28.3,3.2,7.3,0.433,1.2,3.5,0.343,2,3.9,0.514,0.514,1.9,2.1,0.867,1.4,6.1,7.5,1.3,0.8,0.4,0.9,1.8,9.4,13.2,0.568,0.472,0.292,5.3,22.6,14.2,6,1.4,1.2,9.7,13.7,3,2.8,5.8,0.121,0.1,0.8,0.9,1.7
JaMychal Green,3,28,TOT,65,1371,21.1,3.5,7.3,0.483,1.1,2.7,0.403,2.4,4.6,0.53,0.558,1.2,1.6,0.792,1.6,4.7,6.3,0.8,0.7,0.5,1.3,3,9.4,14.7,0.587,0.37,0.212,8.3,24.3,16.4,5.8,1.6,2.3,14.3,19.4,0.9,1.9,2.9,0.101,-1.5,0,-1.5,0.2
Markieff Morris,3,29,TOT,58,1270,21.9,3.5,8.3,0.421,1.2,3.5,0.335,2.3,4.8,0.484,0.492,1.2,1.6,0.772,1.1,3.5,4.6,1.4,0.6,0.4,0.9,3,9.4,11.7,0.521,0.419,0.19,5,17.5,11.1,8.8,1.3,1.5,9.3,19.1,0.6,1.1,1.6,0.061,-1.7,-1.1,-2.8,-0.3
Larry Nance,3,26,CLE,67,1795,26.8,3.7,7.1,0.52,0.5,1.5,0.337,3.2,5.7,0.567,0.554,1.4,2,0.716,2.5,5.7,8.2,3.2,1.5,0.6,1.4,2.9,9.4,18.6,0.583,0.205,0.28,10,24.9,17.1,17.8,2.8,1.9,15.3,15.5,3.3,1.6,4.9,0.131,1.4,2.6,4,2.7
Nicolas Batum,2,30,CHO,75,2354,31.4,3.4,7.5,0.45,1.5,4,0.389,1.8,3.5,0.519,0.553,1,1.2,0.865,0.9,4.3,5.2,3.3,0.9,0.6,1.6,1.9,9.3,11.9,0.581,0.53,0.158,3.2,14.9,8.9,14.5,1.5,1.6,16.3,13.2,2,1.7,3.7,0.076,-0.1,0.9,0.8,1.7
Jalen Brunson,1,22,DAL,73,1591,21.8,3.6,7.7,0.467,0.9,2.5,0.348,2.8,5.3,0.523,0.523,1.2,1.6,0.725,0.3,2,2.3,3.2,0.5,0.1,1.2,1.7,9.3,12.8,0.549,0.32,0.212,1.7,9.6,5.7,22.6,1.1,0.2,12.5,19.1,1.5,1,2.6,0.077,-0.8,-1.6,-2.5,-0.2
Gerald Green,1,33,HOU,73,1473,20.2,3.2,7.9,0.4,2.1,6,0.354,1,1.9,0.547,0.535,0.8,0.9,0.838,0.4,2.1,2.5,0.5,0.5,0.4,0.8,1.7,9.2,11.4,0.555,0.763,0.118,2.2,11.7,6.8,4.1,1.1,1.6,8.3,19.5,0.9,1,1.9,0.061,-0.8,-2.6,-3.4,-0.5
Landry Shamet,1,21,TOT,79,1802,22.8,3,7.1,0.431,2.1,5,0.422,0.9,2,0.453,0.581,0.9,1.2,0.806,0.3,1.4,1.7,1.5,0.5,0.1,0.6,2,9.1,11,0.604,0.711,0.167,1.3,6.4,3.9,9,1,0.4,7,15,2.7,0.9,3.6,0.095,1.4,-2.4,-1,0.5
Terry Rozier,1,24,BOS,79,1791,22.7,3.3,8.4,0.387,1.5,4.3,0.353,1.8,4.2,0.422,0.477,0.9,1.2,0.785,0.4,3.5,3.9,2.9,0.9,0.3,0.9,1.3,9,12.9,0.501,0.506,0.14,1.9,16.4,9.1,17.7,1.8,1,8.8,18.6,0.9,2.3,3.2,0.086,-1,0.2,-0.7,0.6
Bam Adebayo,3,21,MIA,82,1913,23.3,3.4,5.9,0.576,0,0.2,0.2,3.4,5.7,0.588,0.579,2,2.8,0.735,2,5.3,7.3,2.2,0.9,0.8,1.5,2.5,8.9,17.9,0.623,0.031,0.465,9.2,24,16.6,14.2,1.8,3,17.1,15.8,3.4,3.4,6.8,0.171,-0.6,3.6,3,2.4
Rondae Hollis-Jefferson,2,24,BRK,59,1234,20.9,3.4,8.3,0.411,0.2,0.8,0.184,3.2,7.4,0.436,0.42,2,3.1,0.645,1.4,3.8,5.3,1.6,0.7,0.5,1.2,1.8,8.9,12.5,0.464,0.101,0.376,7.1,19.2,13.2,11.7,1.7,1.7,10.7,21.6,-0.5,1.7,1.2,0.047,-4.3,1.2,-3,-0.3
Malik Monk,1,20,CHO,73,1258,17.2,3.1,8,0.387,1.5,4.5,0.33,1.6,3.5,0.461,0.48,1.2,1.4,0.882,0.2,1.7,1.9,1.6,0.5,0.3,1.2,1.5,8.9,11.8,0.518,0.563,0.174,1.3,10.6,5.9,14.3,1.4,1.3,12,24.6,-0.4,0.7,0.3,0.012,-1.1,-2.7,-3.9,-0.6
Tomas Satoransky,1,27,WAS,80,2164,27.1,3.2,6.6,0.485,0.8,2,0.395,2.4,4.6,0.524,0.545,1.6,2,0.819,1,2.5,3.5,5,1,0.2,1.5,2.2,8.9,14.1,0.59,0.306,0.302,4,10,7,24.6,1.8,0.5,16.7,14.1,3.8,0.9,4.7,0.104,0.4,-1,-0.6,0.8
Marcus Smart,1,24,BOS,80,2200,27.5,3,7.1,0.422,1.6,4.3,0.364,1.4,2.8,0.511,0.533,1.3,1.6,0.806,0.7,2.2,2.9,4,1.8,0.4,1.5,2.5,8.9,13.1,0.568,0.61,0.228,2.8,8.6,5.7,19.1,3.1,1.1,16.5,14.6,2.2,3.1,5.3,0.116,0.6,1.3,1.8,2.1
Ish Smith,1,30,DET,56,1251,22.3,3.7,8.7,0.419,0.8,2.4,0.326,2.9,6.3,0.455,0.464,0.8,1.1,0.758,0.4,2.2,2.6,3.6,0.5,0.2,1.1,1.9,8.9,11.8,0.485,0.276,0.127,1.9,11.1,6.3,25.4,1.1,0.7,10.6,19.9,0.5,1.1,1.7,0.064,-1.7,-1.1,-2.8,-0.3
Ivica Zubac,3,21,TOT,59,1040,17.6,3.6,6.4,0.559,0,0,0,3.6,6.4,0.559,0.559,1.7,2.1,0.802,1.9,4.2,6.1,1.1,0.2,0.9,1.2,2.3,8.9,18.9,0.604,0,0.332,11.9,24.2,18.2,9.1,0.6,4,13.9,20.3,1.9,1.3,3.2,0.148,-1.2,1,-0.3,0.5
Alec Burks,1,27,TOT,64,1375,21.5,3,7.4,0.405,1,2.6,0.363,2,4.8,0.428,0.469,1.8,2.2,0.823,0.5,3.2,3.7,2,0.6,0.3,1,1.4,8.8,12.7,0.523,0.354,0.297,2.3,17,9.4,13.7,1.4,1.3,10.8,19,0.7,0.8,1.5,0.052,-1.5,-0.6,-2.2,-0.1
Mario Hezonja,2,23,NYK,58,1206,20.8,3.3,8,0.412,0.7,2.6,0.276,2.6,5.4,0.478,0.457,1.5,2,0.763,0.5,3.6,4.1,1.5,1,0.1,1.5,1.9,8.8,10.8,0.497,0.328,0.246,2.4,18.7,10.4,11.5,2.3,0.6,14.6,21.3,-1.1,1.1,-0.1,-0.003,-3.6,-0.4,-4,-0.6
Delon Wright,1,26,TOT,75,1699,22.7,3.2,7.4,0.434,0.7,2.2,0.298,2.6,5.2,0.492,0.478,1.6,2,0.793,0.9,2.6,3.5,3.3,1.2,0.4,1,1.4,8.7,15.5,0.523,0.301,0.269,4.4,12.8,8.6,21.6,2.5,1.6,11,18.1,1.9,2.4,4.3,0.121,0,1.5,1.5,1.5
Kyle Korver,1,37,TOT,70,1334,19.1,2.9,6.9,0.416,2,5,0.397,0.9,1.9,0.467,0.559,0.9,1,0.822,0.1,2.2,2.3,1.2,0.4,0.2,0.8,1.5,8.6,11.2,0.582,0.72,0.151,0.7,12.4,6.6,8.9,0.9,0.7,10.3,18.5,1,1.3,2.3,0.082,0,-1.5,-1.5,0.2
Norman Powell,1,25,TOR,60,1126,18.8,3.2,6.7,0.483,1.1,2.8,0.4,2.1,3.8,0.543,0.568,1,1.3,0.827,0.3,2.1,2.3,1.5,0.7,0.2,1.1,1.6,8.6,13.3,0.596,0.425,0.188,1.6,11.5,6.7,11.6,1.7,1,13.1,19,1,1.4,2.4,0.102,-0.4,-0.3,-0.7,0.4
Rodions Kurucs,2,20,BRK,63,1294,20.5,3.2,7.1,0.45,0.9,2.9,0.315,2.3,4.2,0.543,0.514,1.1,1.5,0.783,0.9,3,3.9,0.8,0.7,0.4,1.2,2.3,8.5,11,0.545,0.41,0.205,4.6,15.4,10,6,1.5,1.5,13.6,18.4,0.1,1.5,1.6,0.059,-2.6,0.2,-2.4,-0.1
Trey Lyles,3,23,DEN,64,1120,17.5,3.2,7.7,0.418,0.8,3.1,0.255,2.4,4.6,0.529,0.47,1.3,1.8,0.698,0.7,3.2,3.8,1.4,0.5,0.4,1.1,1.5,8.5,12.7,0.5,0.404,0.234,4.2,19.6,11.9,11.3,1.3,1.8,11.1,23.4,-0.2,1.4,1.2,0.05,-2.6,-0.7,-3.3,-0.4
DeAndre' Bembry,1,24,ATL,82,1931,23.5,3.4,7.5,0.446,0.6,2.1,0.289,2.7,5.4,0.508,0.487,1.1,1.7,0.64,0.7,3.7,4.4,2.5,1.3,0.5,1.7,2.3,8.4,10.8,0.508,0.281,0.221,2.9,16.9,9.7,14.7,2.5,1.8,17.4,17.2,-0.9,1.7,0.9,0.022,-3.3,1.1,-2.2,-0.1
Langston Galloway,1,27,DET,80,1745,21.8,2.9,7.3,0.388,1.7,4.8,0.355,1.2,2.6,0.449,0.503,1,1.2,0.844,0.6,1.5,2.1,1.1,0.5,0.1,0.3,1.7,8.4,10.7,0.534,0.647,0.164,3,7.9,5.4,7.3,1,0.4,3.7,16.1,2.1,1.3,3.4,0.094,0.2,-1.6,-1.3,0.3
Noah Vonleh,3,23,NYK,68,1722,25.3,3,6.5,0.47,0.7,2,0.336,2.4,4.5,0.531,0.523,1.6,2.3,0.712,1.7,6.1,7.8,1.9,0.7,0.8,1.3,2.6,8.4,13.9,0.561,0.311,0.355,6.7,25.8,16,11.1,1.3,2.5,14.7,14.8,1.5,1.7,3.2,0.09,-1.6,1.6,0,0.9
Mikal Bridges,2,22,PHO,82,2417,29.5,3,6.9,0.43,1.3,3.8,0.335,1.7,3,0.548,0.523,1.2,1.4,0.805,0.7,2.5,3.2,2.1,1.6,0.5,0.9,2.5,8.3,10.8,0.556,0.556,0.21,2.5,9.7,6,9.8,2.5,1.3,10.2,12.2,1.7,1.2,2.9,0.058,-0.5,0.3,-0.2,1.1
Richaun Holmes,3,25,PHO,70,1184,16.9,3.2,5.2,0.608,0,0,0,3.2,5.2,0.608,0.608,1.8,2.5,0.731,1.6,3.1,4.7,0.9,0.6,1.1,0.7,2.8,8.2,20.7,0.647,0,0.479,10.6,20.5,15.5,7.9,1.7,5.6,10.5,17.9,3.1,1.1,4.3,0.173,-0.1,1.5,1.4,1
Darius Miller,2,28,NOP,69,1757,25.5,2.7,7,0.39,1.9,5.3,0.365,0.8,1.7,0.467,0.528,0.8,1,0.789,0.2,1.7,1.9,2.1,0.6,0.3,0.9,2.4,8.2,8.4,0.55,0.752,0.147,0.8,6.6,3.8,10.4,1.1,1.1,10.3,13.4,1.1,0.6,1.6,0.045,-0.1,-1.5,-1.7,0.1
Frank Jackson,1,20,NOP,61,1169,19.2,3.2,7.3,0.434,0.9,2.8,0.314,2.3,4.6,0.507,0.493,0.9,1.2,0.74,0.4,1.8,2.2,1.1,0.4,0,0.8,1.5,8.1,9.4,0.517,0.378,0.163,2.2,9.5,5.9,8,1,0.1,9.1,18.5,0.1,0.4,0.4,0.018,-2.2,-2.8,-5,-0.9
Austin Rivers,1,26,TOT,76,2028,26.7,3.1,7.5,0.406,1.4,4.3,0.318,1.7,3.2,0.522,0.497,0.7,1.3,0.526,0.3,1.8,2.1,2.2,0.6,0.3,0.9,2.7,8.1,7.7,0.503,0.572,0.166,1.3,7.5,4.4,11.5,1.1,1,10,14.5,0.4,0.8,1.2,0.028,-2,-1.5,-3.5,-0.7
Davis Bertans,3,26,SAS,76,1632,21.5,2.7,6,0.45,1.9,4.4,0.429,0.8,1.5,0.513,0.61,0.7,0.8,0.883,0.3,3.2,3.5,1.3,0.5,0.4,0.6,1.8,8,13,0.632,0.746,0.132,1.6,16,8.8,8.2,1,1.7,8.2,14.1,2.6,1.5,4,0.118,1.6,-0.4,1.2,1.3
Jamal Crawford,1,38,PHO,64,1211,18.9,2.7,6.8,0.397,1,3.2,0.332,1.7,3.7,0.453,0.474,1.5,1.7,0.845,0.1,1.2,1.3,3.6,0.5,0.2,1.5,1.2,7.9,11.7,0.522,0.461,0.251,0.7,7.2,3.9,27.7,1.3,0.8,16.9,20.8,0.1,0,0.2,0.006,-2,-4.1,-6,-1.2
Seth Curry,1,28,POR,74,1399,18.9,2.9,6.3,0.456,1.5,3.4,0.45,1.3,2.9,0.463,0.577,0.6,0.7,0.846,0.4,1.3,1.6,0.9,0.5,0.2,0.8,1.3,7.9,11.4,0.595,0.54,0.112,2.1,6.9,4.6,6.5,1.2,0.7,11.1,16.6,1.5,0.9,2.4,0.082,0.5,-1.8,-1.3,0.2
Josh Hart,1,23,LAL,67,1715,25.6,2.8,6.9,0.407,1.4,4.1,0.336,1.4,2.8,0.511,0.506,0.8,1.2,0.688,0.5,3.2,3.7,1.4,1,0.6,0.9,2.2,7.8,9.3,0.526,0.591,0.172,2.2,12.6,7.5,7,1.7,1.9,10.4,13.5,0.2,1.9,2.1,0.059,-1.8,1.1,-0.7,0.6
James Johnson,3,31,MIA,55,1164,21.2,3,6.9,0.433,0.9,2.7,0.336,2.1,4.2,0.496,0.499,0.9,1.3,0.714,0.4,2.8,3.2,2.5,0.6,0.5,1.3,2.1,7.8,10.9,0.522,0.393,0.185,2,14.1,8,17,1.5,2.1,15.3,17.8,0,1.5,1.5,0.062,-2.5,0.9,-1.6,0.1
Mason Plumlee,3,28,DEN,82,1731,21.1,3.2,5.4,0.593,0,0.1,0.2,3.2,5.3,0.602,0.595,1.4,2.4,0.561,2,4.4,6.4,3,0.8,0.9,1.5,3.1,7.8,17.8,0.602,0.023,0.448,10.3,22.5,16.4,19.5,1.9,3.9,19.2,16.2,2.9,2.9,5.8,0.16,-0.1,3.9,3.8,2.6
Garrett Temple,1,32,TOT,75,2040,27.2,2.8,6.6,0.422,1.2,3.5,0.341,1.6,3.1,0.515,0.513,1.1,1.4,0.748,0.4,2.5,2.9,1.4,1,0.4,0.9,2.7,7.8,8.5,0.543,0.535,0.217,1.5,10.2,5.8,7.4,1.8,1.4,11.5,13.2,0.3,2,2.2,0.052,-1.7,0.6,-1.2,0.4
Ante Zizic,3,22,CLE,59,1082,18.3,3.1,5.6,0.553,0,0,0,3.1,5.6,0.553,0.553,1.6,2.2,0.705,1.8,3.6,5.4,0.9,0.2,0.4,1,1.9,7.8,16.2,0.59,0,0.399,10.6,22.8,16.4,7.7,0.6,1.8,13.6,18.2,1.7,0.3,2,0.087,-1.7,-1.4,-3.1,-0.3
Maurice Harkless,2,25,POR,60,1415,23.6,3.2,6.5,0.487,0.6,2,0.275,2.6,4.5,0.582,0.53,0.8,1.2,0.671,1.3,3.2,4.5,1.2,1.1,0.9,0.8,2.7,7.7,13.2,0.547,0.309,0.188,5.9,14.1,10.1,7.1,2.3,3,9.7,13.9,1.5,1.9,3.4,0.114,-0.1,2.3,2.2,1.5
Josh Okogie,1,20,MIN,74,1757,23.7,2.6,6.9,0.386,0.8,2.9,0.279,1.8,4,0.464,0.445,1.6,2.2,0.728,0.6,2.4,2.9,1.2,1.2,0.4,0.9,2.2,7.7,9.4,0.492,0.423,0.319,2.5,10.9,6.6,6.9,2.4,1.6,9.8,15.4,-0.1,1.4,1.2,0.034,-2,0.4,-1.7,0.1
Patrick Beverley,1,30,LAC,78,2137,27.4,2.5,6.1,0.407,1.4,3.6,0.397,1.1,2.5,0.421,0.524,1.2,1.6,0.78,1,4,5,3.8,0.9,0.6,1.1,3.4,7.6,11.8,0.561,0.591,0.258,3.9,15,9.6,18.4,1.5,1.6,13.8,12.2,2.8,2,4.8,0.108,1.2,1.2,2.4,2.3
George Hill,1,32,TOT,60,1302,21.7,2.8,6.3,0.452,0.8,2.6,0.314,2,3.7,0.547,0.516,1.2,1.4,0.824,0.7,1.8,2.5,2.3,0.9,0.1,0.9,1.7,7.6,12.1,0.554,0.407,0.226,3.2,8.3,5.9,14,1.9,0.5,11,15.1,1.5,1.3,2.8,0.103,-0.6,-0.4,-1,0.3
Jake Layman,2,24,POR,71,1327,18.7,3,6,0.509,0.8,2.5,0.326,2.2,3.4,0.646,0.579,0.7,1,0.704,0.8,2.3,3.1,0.7,0.4,0.4,0.6,1.6,7.6,13.5,0.594,0.427,0.167,4.6,12.6,8.7,5.6,1.1,1.8,9.2,15.9,1.9,1.2,3.1,0.111,0.4,-0.6,-0.3,0.6
Rodney McGruder,1,27,MIA,66,1550,23.5,2.8,7,0.403,1.2,3.4,0.351,1.6,3.6,0.453,0.489,0.8,1.1,0.722,0.9,2.7,3.6,1.7,0.5,0.2,1,1.7,7.6,9.4,0.51,0.488,0.156,4.1,12.2,8.2,10.3,1.1,0.7,11.5,15.4,0.4,1.6,1.9,0.059,-1.9,-0.1,-2,0
Miles Bridges,2,20,CHO,80,1696,21.2,3,6.4,0.464,0.8,2.5,0.325,2.2,3.9,0.553,0.527,0.7,1,0.753,0.8,3.2,4,1.2,0.7,0.6,0.6,1.4,7.5,13.1,0.548,0.391,0.151,4.2,16.6,10.3,8.1,1.6,2.5,8.4,15.1,1.4,1.5,2.9,0.083,-1.2,0.5,-0.6,0.6
Dorian Finney-Smith,2,25,DAL,81,1985,24.5,2.8,6.5,0.432,1,3.1,0.311,1.8,3.4,0.544,0.507,0.9,1.3,0.709,1.7,3.1,4.8,1.2,0.9,0.4,0.9,2.3,7.5,11,0.53,0.481,0.195,7.5,13.4,10.5,6.9,1.7,1.5,11.4,14,1.2,2,3.3,0.079,-1,1.1,0.2,1.1
Shelvin Mack,1,28,TOT,57,1246,21.9,2.9,7.1,0.404,0.8,2.3,0.354,2.1,4.8,0.429,0.462,1,1.5,0.69,0.3,1.5,1.8,3.2,0.8,0.1,1.2,1.5,7.5,10.4,0.489,0.323,0.208,1.6,7.9,4.7,22.6,1.9,0.3,13,18.1,-0.2,1.1,0.9,0.034,-2.6,-1.5,-4.1,-0.7
Iman Shumpert,1,28,TOT,62,1481,23.9,2.7,7.2,0.374,1.5,4.4,0.348,1.2,2.8,0.416,0.481,0.6,0.7,0.8,0.4,2.5,3,1.8,1,0.4,0.8,2,7.5,9.1,0.499,0.612,0.101,1.9,11.4,6.5,9.9,1.9,1.4,9.7,14.5,0.1,1.2,1.4,0.045,-1.5,0.1,-1.4,0.2
Vince Carter,2,42,ATL,76,1330,17.5,2.6,6.2,0.419,1.6,4.2,0.389,1,2,0.48,0.55,0.6,0.9,0.712,0.4,2.1,2.6,1.1,0.6,0.4,0.6,1.9,7.4,11.8,0.565,0.675,0.141,2.4,13.2,7.7,9.3,1.5,1.8,8.8,16.7,1.2,0.7,1.9,0.07,-0.2,-1.4,-1.6,0.1
Draymond Green,3,28,GSW,66,2065,31.3,2.8,6.4,0.445,0.7,2.5,0.285,2.1,3.9,0.549,0.501,1,1.4,0.692,0.9,6.4,7.3,6.9,1.4,1.1,2.6,3,7.4,12.9,0.526,0.391,0.216,3.2,20.8,12.4,26.8,2.2,2.8,26.8,13.1,1.1,3.2,4.3,0.1,-1.4,3.4,2,2.1
Doug McDermott,2,27,IND,77,1340,17.4,2.7,5.5,0.491,1.1,2.7,0.408,1.6,2.8,0.569,0.59,0.9,1,0.835,0.2,1.2,1.4,0.9,0.2,0.1,0.5,1.4,7.3,11.6,0.617,0.488,0.187,1.4,7.5,4.5,7.1,0.7,0.5,8.4,16.3,1.8,1.1,2.9,0.103,0,-2.1,-2.1,0
Mitchell Robinson,3,20,NYK,66,1360,20.6,3.1,4.4,0.694,0,0,0,3.1,4.4,0.694,0.694,1.2,2,0.6,2.7,3.7,6.4,0.6,0.8,2.4,0.5,3.3,7.3,22,0.692,0,0.464,13.3,19.4,16.3,4.2,1.8,10,9.1,12.1,4,2.2,6.1,0.217,0.5,5.2,5.7,2.7
P.J. Tucker,3,33,HOU,82,2802,34.2,2.5,6.4,0.396,1.8,4.7,0.377,0.7,1.7,0.449,0.535,0.5,0.7,0.695,1.5,4.4,5.8,1.2,1.6,0.5,0.8,3.1,7.3,9.2,0.547,0.74,0.113,4.7,14.4,9.5,4.6,2.3,1.2,10.3,9.5,2,3,5,0.086,-0.5,1.8,1.3,2.3
Justin Jackson,2,23,TOT,81,1614,19.9,2.7,6,0.447,1.1,3,0.355,1.6,3,0.542,0.537,0.8,1,0.785,0.5,2.1,2.6,1.2,0.4,0.2,0.4,1.2,7.2,11.3,0.561,0.505,0.163,2.8,11,6.9,8.1,0.9,0.7,5.3,14.3,2,0.9,2.9,0.086,-0.4,-1.2,-1.6,0.2
Lance Stephenson,1,28,LAL,68,1123,16.5,2.7,6.4,0.426,1.1,2.9,0.371,1.6,3.5,0.472,0.51,0.7,1.1,0.685,0.5,2.7,3.2,2.1,0.6,0.1,1.3,1.6,7.2,11.8,0.529,0.456,0.169,3,16.5,9.9,17.3,1.7,0.5,15.6,20.3,-0.1,1.2,1.1,0.049,-1.7,-0.4,-2.1,0
OG Anunoby,2,21,TOR,67,1352,20.2,2.7,6,0.453,1,3,0.332,1.7,3,0.574,0.536,0.5,0.9,0.581,0.9,2.1,2.9,0.7,0.7,0.3,0.8,2.1,7,9.8,0.544,0.5,0.153,4.8,10.8,7.9,4.7,1.6,1.3,11.3,15.5,0.3,1.7,2,0.07,-1.3,0.1,-1.2,0.3
Derrick Jones,2,21,MIA,60,1153,19.2,2.7,5.4,0.494,0.5,1.5,0.308,2.2,3.9,0.567,0.537,1.2,2,0.607,1.6,2.4,4,0.6,0.8,0.7,0.7,2.1,7,14,0.559,0.281,0.377,8.8,13.3,11.1,4.7,1.9,3.3,10.2,15.6,1.2,1.7,2.9,0.121,-1.3,1.5,0.2,0.6
Mike Muscala,3,27,TOT,64,1306,20.4,2.3,5.6,0.402,1.4,4,0.348,0.9,1.6,0.533,0.525,1.1,1.3,0.824,0.9,2.9,3.8,1.2,0.3,0.6,0.8,2,7,10.8,0.564,0.709,0.235,4.7,14.7,9.8,7.7,0.8,2.3,10.8,14.3,1.2,1.2,2.5,0.091,-0.3,-0.3,-0.7,0.4
Pat Connaughton,1,26,MIL,61,1261,20.7,2.7,5.7,0.466,1.1,3.3,0.33,1.6,2.5,0.647,0.56,0.5,0.7,0.725,1,3.2,4.2,2,0.5,0.4,0.5,1.3,6.9,13.6,0.573,0.571,0.114,5.2,15,10.4,12.6,1.2,1.7,8.2,13.3,2,1.9,3.9,0.149,0.4,1.2,1.6,1.2
Quinn Cook,1,25,GSW,74,1059,14.3,2.8,5.9,0.465,1.1,2.7,0.405,1.7,3.2,0.515,0.557,0.3,0.4,0.769,0.3,1.8,2.1,1.6,0.3,0,0.7,1.2,6.9,13.1,0.565,0.456,0.059,2.3,13,7.9,15.2,0.9,0.2,10,20.2,1,0.8,1.8,0.082,-0.2,-2.7,-2.9,-0.2
Terrance Ferguson,1,20,OKC,74,1931,26.1,2.5,5.8,0.429,1.4,3.9,0.366,1.1,1.9,0.56,0.552,0.5,0.7,0.725,0.4,1.5,1.9,1,0.5,0.2,0.6,3.1,6.9,6.4,0.566,0.673,0.118,1.7,6,3.8,4.8,1,0.7,9.4,10.6,1.2,1.6,2.8,0.07,-1.5,-0.5,-1.9,0
Stanley Johnson,2,22,TOT,66,1208,18.3,2.6,6.7,0.389,0.9,3.3,0.288,1.7,3.4,0.484,0.459,0.8,1,0.781,0.5,2.8,3.3,1.3,0.9,0.2,1.2,1.7,6.9,9.6,0.485,0.489,0.145,3,16.9,9.7,10.6,2.4,1,14.7,19.4,-1.1,1.6,0.5,0.021,-3.2,0.6,-2.6,-0.2
Tyus Jones,1,22,MIN,68,1560,22.9,2.7,6.6,0.415,0.6,1.9,0.317,2.1,4.7,0.453,0.46,0.9,1,0.841,0.3,1.6,2,4.8,1.2,0.1,0.7,1.1,6.9,13.7,0.491,0.283,0.155,1.6,7.7,4.6,28.3,2.5,0.3,9,14.1,2.1,0.9,3,0.091,-0.3,-1.5,-1.8,0.1
Wayne Selden,1,24,TOT,75,1439,19.2,2.6,6.4,0.406,0.7,2.3,0.316,1.9,4.1,0.456,0.463,0.9,1.2,0.728,0.5,1.9,2.4,1.5,0.4,0.2,1.1,1.7,6.9,8.3,0.491,0.36,0.19,2.8,11,6.9,11.3,1.1,0.8,13.1,18.4,-1,0.8,-0.3,-0.009,-3.5,-1.6,-5.1,-1.1
Ersan Ilyasova,3,31,MIL,67,1231,18.4,2.5,5.7,0.438,0.9,2.4,0.363,1.6,3.3,0.493,0.514,0.9,1.1,0.824,1.4,3.1,4.5,0.8,0.5,0.3,0.7,2.6,6.8,11.6,0.548,0.42,0.194,8.2,16.2,12.5,5.5,1.2,1.4,10.4,15.7,1.2,1.9,3,0.119,-1.5,0.1,-1.3,0.2
Maxi Kleber,3,27,DAL,71,1502,21.2,2.5,5.4,0.453,1.1,3.1,0.353,1.4,2.4,0.583,0.553,0.8,1,0.784,1.3,3.4,4.6,1,0.5,1.1,0.8,2,6.8,13.1,0.579,0.565,0.192,6.5,16.9,11.7,6.8,1.2,4.4,11.4,13.5,1.6,1.8,3.5,0.111,-0.8,2.3,1.5,1.3
Evan Turner,1,30,POR,73,1605,22,2.8,6.1,0.46,0.2,0.7,0.212,2.6,5.4,0.494,0.473,1,1.5,0.708,0.5,4,4.5,3.9,0.5,0.2,1.6,1.5,6.8,11.6,0.504,0.117,0.239,2.5,18.9,10.9,23.6,1,0.9,18.9,15.9,0.5,1.5,2,0.06,-2.5,0.7,-1.8,0.1
Ryan Arcidiacono,1,24,CHI,81,1961,24.2,2.3,5.2,0.447,1,2.7,0.373,1.3,2.5,0.527,0.544,1.1,1.3,0.873,0.3,2.4,2.7,3.3,0.8,0,0.8,2.1,6.7,11.6,0.588,0.519,0.244,1.5,10.8,6.1,18.9,1.6,0.2,12,11.7,2.8,0.9,3.7,0.09,-0.1,-1,-1,0.5
James Ennis,2,28,TOT,58,1230,21.2,2.4,5.1,0.469,0.9,2.7,0.353,1.4,2.4,0.601,0.563,1,1.4,0.716,1,2.1,3.1,0.7,0.7,0.4,0.6,2.6,6.7,11,0.59,0.531,0.276,5.3,10.9,8.1,4.7,1.6,1.6,9.3,12.7,1.6,1,2.6,0.103,-0.5,-0.2,-0.7,0.4
Michael Kidd-Gilchrist,3,25,CHO,64,1179,18.4,2.5,5.2,0.476,0.3,0.7,0.34,2.2,4.5,0.498,0.5,1.5,1.9,0.772,1.4,2.5,3.8,1,0.5,0.6,0.7,2.4,6.7,13.3,0.553,0.142,0.37,7.9,14.8,11.3,7.4,1.3,2.9,10,15.7,1.5,1,2.5,0.1,-1.7,0.4,-1.3,0.2
Zach Collins,3,21,POR,77,1356,17.6,2.5,5.2,0.473,0.5,1.6,0.331,1.9,3.6,0.534,0.523,1.2,1.6,0.746,1.4,2.8,4.2,0.9,0.3,0.9,1,2.3,6.6,13.5,0.562,0.303,0.315,8.8,16.5,12.7,7.1,0.9,3.9,14.5,16.6,1.4,1.5,2.9,0.104,-0.9,1,0.1,0.7
Shaquille Harrison,1,25,CHI,73,1430,19.6,2.5,5.8,0.432,0.3,1.2,0.27,2.2,4.6,0.475,0.46,1.1,1.7,0.667,0.5,2.6,3,1.9,1.2,0.4,0.8,1.7,6.5,12.4,0.494,0.209,0.289,2.5,14.5,8.4,14.1,3,1.8,11.1,16.5,-0.1,1.6,1.4,0.048,-2.7,1.4,-1.3,0.2
Cory Joseph,1,27,IND,82,2063,25.2,2.8,6.7,0.412,0.7,2.1,0.322,2.1,4.6,0.454,0.463,0.4,0.5,0.698,0.5,2.9,3.4,3.9,1.1,0.3,1,1.6,6.5,11,0.474,0.312,0.078,2.1,12.6,7.5,20.7,2.2,0.9,12.4,13.7,0.5,2.9,3.5,0.081,-2,1.4,-0.5,0.8
Jonathon Simmons,2,29,TOT,56,1064,19,2.4,6.3,0.38,0.5,1.9,0.269,1.9,4.4,0.427,0.42,1.3,1.7,0.742,0.5,1.8,2.3,2.3,0.5,0.3,1.2,1.6,6.5,8.5,0.466,0.297,0.277,2.7,10,6.3,16.7,1.3,1.2,14.8,18.7,-0.8,1.1,0.3,0.013,-4.1,-0.6,-4.8,-0.7
Sterling Brown,1,23,MIL,58,1034,17.8,2.5,5.4,0.465,0.9,2.5,0.361,1.6,2.8,0.558,0.55,0.5,0.7,0.69,0.5,2.7,3.2,1.4,0.4,0.1,0.8,1.5,6.4,10.9,0.563,0.471,0.135,3,14.4,9,10.7,1.1,0.7,12.2,15.2,0.7,1.4,2.1,0.098,-1.6,0,-1.6,0.1
Gorgui Dieng,3,29,MIN,76,1031,13.6,2.5,5,0.501,0.3,0.7,0.339,2.2,4.2,0.53,0.527,1.2,1.4,0.83,1.1,3,4.1,0.9,0.6,0.5,0.8,1.8,6.4,18.1,0.572,0.149,0.281,8.3,24.1,16.1,10.3,2.2,3.4,11.9,19.6,1.5,1.3,2.8,0.132,-0.9,1.4,0.5,0.7
T.J. McConnell,1,26,PHI,76,1470,19.3,2.9,5.5,0.525,0.2,0.6,0.333,2.7,5,0.546,0.542,0.4,0.5,0.784,0.4,1.9,2.3,3.4,1,0.2,1.2,1.4,6.4,13.4,0.555,0.1,0.088,2.1,10.2,6.3,24.7,2.5,0.9,17.3,15,1.2,1.7,2.9,0.094,-1.7,0,-1.6,0.1
Devin Harris,1,35,DAL,68,1071,15.8,1.9,5.1,0.38,0.9,2.9,0.31,1,2.2,0.476,0.47,1.5,2,0.761,0.2,1.5,1.6,1.8,0.5,0.2,0.8,2,6.3,10.7,0.527,0.576,0.386,1.2,9.9,5.6,16.7,1.6,1.3,12.1,18.5,0.6,0.9,1.5,0.068,-1.3,-0.9,-2.2,-0.1
Jonas Jerebko,3,31,GSW,73,1218,16.7,2.2,4.9,0.459,0.9,2.6,0.367,1.3,2.3,0.563,0.556,0.9,1.1,0.8,1,3,3.9,1.3,0.4,0.2,0.6,1.9,6.3,13.5,0.588,0.53,0.225,6.6,18.1,12.6,10.1,1.1,1.2,9.9,15.2,2.1,1.2,3.3,0.131,0.6,-0.6,0,0.6
Kevon Looney,3,22,GSW,80,1481,18.5,2.7,4.3,0.625,0,0.1,0.1,2.7,4.2,0.641,0.627,0.8,1.3,0.619,2.4,2.8,5.2,1.5,0.6,0.7,0.6,2.6,6.3,17.3,0.636,0.029,0.303,14.6,15.4,15,10.9,1.5,3,11.5,12.8,4.2,1.8,6,0.194,1.9,1.8,3.7,2.1
Wilson Chandler,2,31,TOT,51,1177,23.1,2.2,5.4,0.418,1.2,3.1,0.373,1.1,2.3,0.478,0.526,0.4,0.5,0.72,0.9,3.3,4.2,1.6,0.5,0.4,0.9,2.4,6,8.5,0.537,0.579,0.092,4.4,14.6,9.7,9.1,1,1.4,13.9,11.8,0.5,1,1.5,0.062,-1.3,0.3,-1,0.3
Tony Snell,2,27,MIL,74,1304,17.6,2.2,4.9,0.452,1.1,2.8,0.397,1.1,2.1,0.522,0.564,0.5,0.6,0.881,0.4,1.7,2.1,0.9,0.4,0.2,0.3,1.2,6,10.7,0.585,0.565,0.116,2.4,9.4,6.1,6.7,0.9,1.2,5.7,12.9,1.6,1.6,3.2,0.117,-0.7,-0.4,-1,0.3
Yogi Ferrell,1,25,SAC,71,1067,15,2.2,5,0.435,0.8,2.1,0.362,1.4,2.9,0.488,0.511,0.8,0.9,0.896,0.2,1.4,1.5,1.9,0.5,0.1,0.6,0.9,5.9,12.7,0.55,0.423,0.19,1.2,9.5,5.3,17,1.6,0.3,9.5,16.3,1.3,0.6,1.9,0.087,-0.5,-1.8,-2.3,-0.1
Nik Stauskas,1,25,TOT,68,1015,14.9,2,5,0.402,1,2.8,0.372,1,2.2,0.44,0.506,0.8,0.9,0.891,0.3,1.6,1.9,1.2,0.3,0.1,0.8,0.7,5.9,10.9,0.545,0.556,0.189,1.9,11.7,6.8,11.1,1,0.6,12.2,17.6,0.6,0.5,1.1,0.052,-0.9,-2.2,-3.2,-0.3
Ed Davis,3,29,BRK,81,1446,17.9,2.3,3.7,0.616,0,0,0,2.3,3.7,0.62,0.616,1.2,2,0.617,2.7,5.9,8.6,0.8,0.4,0.4,0.8,2.8,5.8,17.3,0.632,0.007,0.536,15.8,34.6,25.2,6,1.2,1.8,14.6,12.7,3.3,2.5,5.7,0.191,-1.4,1.7,0.4,0.9
Juan Hernangomez,3,23,DEN,70,1358,19.4,2,4.5,0.439,0.9,2.6,0.365,1,1.9,0.541,0.545,0.9,1.2,0.767,0.9,2.9,3.8,0.8,0.4,0.3,0.5,1.3,5.8,11,0.58,0.576,0.274,5.1,16.1,10.6,5.3,1,1.6,9.5,12.2,1.6,1.4,3,0.105,-0.9,0,-0.9,0.4
Mike Scott,3,30,TOT,79,1395,17.7,2.1,5.3,0.4,1.3,3.2,0.401,0.8,2.1,0.399,0.52,0.3,0.4,0.667,0.5,2.9,3.5,0.8,0.3,0.2,0.6,2,5.8,8.6,0.528,0.6,0.079,3.4,17.2,10.5,6.4,0.9,0.7,9.2,14.4,0.4,1.2,1.6,0.053,-1.5,-1.2,-2.7,-0.2
Torrey Craig,2,28,DEN,75,1503,20,2.1,4.8,0.442,0.8,2.5,0.324,1.3,2.3,0.569,0.526,0.7,0.9,0.7,1.2,2.3,3.5,1,0.5,0.6,0.6,2.3,5.7,10.4,0.547,0.519,0.193,6.4,12.6,9.5,6.3,1.2,2.7,10.1,12.4,1.4,1.7,3,0.096,-1,0.9,-0.1,0.7
Andre Iguodala,2,35,GSW,68,1578,23.2,2.2,4.4,0.5,0.7,2.1,0.333,1.5,2.3,0.652,0.579,0.6,1,0.582,0.7,3,3.7,3.2,0.9,0.8,0.8,1.4,5.7,13.1,0.587,0.477,0.222,3.4,13.2,8.5,16.8,1.8,2.7,13.6,10.4,2.4,1.8,4.2,0.129,0.2,1.7,1.9,1.6
Jakob Poeltl,3,23,SAS,77,1273,16.5,2.4,3.8,0.645,0,0,0,2.4,3.8,0.645,0.645,0.6,1.2,0.533,2.3,3,5.3,1.2,0.4,0.9,0.6,1.6,5.5,19.4,0.64,0,0.317,15.4,19.7,17.6,10,1.1,4.5,12.7,13.1,3.5,1.6,5.1,0.193,1.5,2.7,4.2,2
Tim Frazier,1,28,TOT,59,1120,19,2,4.4,0.444,0.6,1.7,0.366,1.3,2.7,0.494,0.515,0.7,0.9,0.759,0.7,2.2,2.8,4.2,0.5,0.1,1.3,1.9,5.3,11.7,0.544,0.387,0.207,3.9,11.5,7.7,27.6,1.2,0.4,21.1,13.3,1.3,0.7,2,0.084,-1,-1.3,-2.3,-0.1
Royce O'Neale,2,25,UTA,82,1671,20.4,2,4.2,0.475,0.8,2.1,0.386,1.2,2,0.569,0.574,0.4,0.5,0.762,0.3,3.2,3.5,1.5,0.7,0.3,0.9,2.1,5.2,9,0.589,0.513,0.122,1.5,16.7,9.2,10,1.5,1.1,16.2,11,0.7,2.5,3.3,0.094,-2,2.1,0.1,0.9
Wesley Iwundu,2,24,ORL,68,1233,18.1,1.7,4,0.412,0.4,1.2,0.367,1.2,2.9,0.431,0.465,1.2,1.5,0.816,0.5,2.2,2.7,1.1,0.4,0.3,0.6,1.8,5,8.7,0.531,0.288,0.376,3.2,13,8,7.9,1.1,1.5,12.1,12.8,0.5,1.4,1.9,0.073,-3.4,0.7,-2.7,-0.2
Anthony Tolliver,3,33,MIN,65,1079,16.6,1.5,4,0.382,1.2,3.3,0.377,0.3,0.7,0.409,0.539,0.7,0.9,0.783,0.2,2.5,2.7,0.7,0.3,0.3,0.6,1.4,5,8.6,0.571,0.83,0.232,1.5,16.2,8.8,5.5,0.8,1.7,11.2,12.5,0.6,0.5,1.2,0.052,-1.2,-1,-2.2,-0.1
Jared Dudley,3,33,BRK,59,1220,20.7,1.7,4.1,0.423,0.9,2.6,0.351,0.8,1.5,0.545,0.533,0.5,0.8,0.696,0.6,2.1,2.6,1.4,0.6,0.3,0.7,2.2,4.9,7.8,0.554,0.632,0.192,2.9,10.4,6.7,9.2,1.4,1,14.2,10.4,0.6,1.2,1.8,0.07,-1.7,1,-0.7,0.4
Nerlens Noel,3,24,OKC,77,1055,13.7,2.1,3.6,0.587,0,0,0,2.1,3.6,0.587,0.587,0.7,1,0.684,1.6,2.6,4.2,0.6,0.9,1.2,0.6,2.2,4.9,19.3,0.608,0,0.286,12.1,20,15.9,5.9,2.9,7.7,13.4,13.8,1.9,2.5,4.3,0.198,-1.6,5.5,3.9,1.6
Alfonzo McKinnie,2,26,GSW,72,1003,13.9,1.9,3.8,0.487,0.6,1.6,0.356,1.3,2.2,0.586,0.564,0.4,0.7,0.563,1.1,2.3,3.4,0.4,0.3,0.2,0.4,1.9,4.7,11.2,0.569,0.429,0.175,9,16.9,13.1,4,0.9,1.3,9.2,13.9,1.2,0.9,2.1,0.1,-0.9,-1.5,-2.5,-0.1
Bruce Brown,1,22,DET,74,1449,19.6,1.7,4.2,0.398,0.3,1.3,0.258,1.4,3,0.457,0.436,0.6,0.8,0.75,0.6,1.9,2.5,1.2,0.5,0.5,0.6,2.4,4.3,6.9,0.469,0.296,0.191,3.5,10.7,7,8.8,1.4,2.1,11.9,11.5,-0.1,1.6,1.5,0.048,-3.7,1.7,-2,0
